Date,Time,EAR,MAR,Head Position,Phone,Driver Status
15-07-2026,21:24:24,0.317,0.090,LOOKING LEFT,NO PHONE,DISTRACTED
15-07-2026,21:24:24,0.561,0.000,LOOKING RIGHT,NO PHONE,DISTRACTED
15-07-2026,21:24:25,0.719,0.198,LOOKING RIGHT,NO PHONE,DISTRACTED
15-07-2026,21:24:25,0.459,0.059,LOOKING RIGHT,NO PHONE,DISTRACTED
15-07-2026,21:24:25,0.272,0.059,LOOKING RIGHT,NO PHONE,DISTRACTED
15-07-2026,21:24:25,0.251,0.029,LOOKING RIGHT,NO PHONE,DISTRACTED
15-07-2026,21:24:25,0.216,0.025,LOOKING RIGHT,NO PHONE,DISTRACTED
15-07-2026,21:24:25,0.218,0.000,LOOKING RIGHT,NO PHONE,DISTRACTED
15-07-2026,21:24:25,0.256,0.025,LOOKING RIGHT,NO PHONE,DISTRACTED
15-07-2026,21:24:25,0.203,0.025,LOOKING RIGHT,NO PHONE,DISTRACTED
15-07-2026,21:24:25,0.225,0.000,LOOKING RIGHT,NO PHONE,DISTRACTED
15-07-2026,21:24:25,0.239,0.000,LOOKING RIGHT,NO PHONE,DISTRACTED
15-07-2026,21:24:25,0.238,0.000,LOOKING RIGHT,NO PHONE,DISTRACTED
15-07-2026,21:24:25,0.234,0.025,LOOKING FORWARD,NO PHONE,ALERT
15-07-2026,21:24:25,0.225,0.025,LOOKING FORWARD,NO PHONE,ALERT
15-07-2026,21:24:25,0.259,0.024,LOOKING FORWARD,NO PHONE,ALERT
15-07-2026,21:24:25,0.265,0.033,LOOKING FORWARD,NO PHONE,ALERT
15-07-2026,21:24:26,0.278,0.000,LOOKING FORWARD,NO PHONE,ALERT
15-07-2026,21:24:26,0.231,0.024,LOOKING LEFT,NO PHONE,DISTRACTED
15-07-2026,21:24:26,0.215,0.000,LOOKING LEFT,NO PHONE,DISTRACTED
15-07-2026,21:24:26,0.227,0.000,LOOKING LEFT,NO PHONE,DISTRACTED
15-07-2026,21:24:26,0.230,0.024,LOOKING LEFT,NO PHONE,DISTRACTED
15-07-2026,21:24:26,0.220,0.034,LOOKING LEFT,NO PHONE,DISTRACTED
15-07-2026,21:24:26,0.226,0.000,LOOKING LEFT,NO PHONE,DISTRACTED
15-07-2026,21:24:26,0.233,0.000,LOOKING LEFT,NO PHONE,DISTRACTED
15-07-2026,21:24:26,0.257,0.000,LOOKING LEFT,NO PHONE,DISTRACTED
15-07-2026,21:24:26,0.242,0.050,LOOKING FORWARD,NO PHONE,ALERT
15-07-2026,21:24:26,0.248,0.000,LOOKING FORWARD,NO PHONE,ALERT
15-07-2026,21:24:26,0.266,0.025,LOOKING FORWARD,NO PHONE,ALERT
15-07-2026,21:24:26,0.274,0.077,LOOKING FORWARD,NO PHONE,ALERT
15-07-2026,21:24:26,0.277,0.079,LOOKING FORWARD,NO PHONE,ALERT
15-07-2026,21:24:26,0.272,0.103,LOOKING FORWARD,NO PHONE,ALERT
15-07-2026,21:24:26,0.269,0.000,LOOKING FORWARD,NO PHONE,ALERT
15-07-2026,21:24:27,0.235,0.026,LOOKING FORWARD,NO PHONE,ALERT
15-07-2026,21:24:27,0.243,0.000,LOOKING LEFT,NO PHONE,DISTRACTED
15-07-2026,21:24:27,0.261,0.079,LOOKING LEFT,NO PHONE,DISTRACTED
15-07-2026,21:24:27,0.255,0.026,LOOKING LEFT,NO PHONE,DISTRACTED
15-07-2026,21:24:27,0.245,0.059,LOOKING LEFT,NO PHONE,DISTRACTED
15-07-2026,21:24:27,0.282,0.051,LOOKING LEFT,NO PHONE,DISTRACTED
15-07-2026,21:24:27,0.288,0.054,LOOKING LEFT,NO PHONE,DISTRACTED
15-07-2026,21:24:27,0.262,0.053,LOOKING LEFT,NO PHONE,DISTRACTED
15-07-2026,21:24:27,0.270,0.049,LOOKING LEFT,NO PHONE,DISTRACTED
15-07-2026,21:24:27,0.278,0.025,LOOKING LEFT,NO PHONE,DISTRACTED
15-07-2026,21:24:27,0.245,0.051,LOOKING LEFT,NO PHONE,DISTRACTED
15-07-2026,21:24:27,0.237,0.050,LOOKING LEFT,NO PHONE,DISTRACTED
15-07-2026,21:24:27,0.244,0.051,LOOKING LEFT,NO PHONE,DISTRACTED
15-07-2026,21:24:27,0.228,0.103,LOOKING LEFT,NO PHONE,DISTRACTED
15-07-2026,21:24:27,0.261,0.025,LOOKING LEFT,NO PHONE,DISTRACTED
15-07-2026,21:24:28,0.271,0.053,LOOKING LEFT,NO PHONE,DISTRACTED
15-07-2026,21:24:28,0.250,0.057,LOOKING LEFT,NO PHONE,DISTRACTED
15-07-2026,21:24:28,0.245,0.026,LOOKING LEFT,NO PHONE,DISTRACTED
15-07-2026,21:24:28,0.260,0.026,LOOKING LEFT,NO PHONE,DISTRACTED
15-07-2026,21:24:28,0.248,0.026,LOOKING LEFT,NO PHONE,DISTRACTED
15-07-2026,21:24:28,0.249,0.026,LOOKING LEFT,NO PHONE,DISTRACTED
15-07-2026,21:24:28,0.266,0.026,LOOKING LEFT,NO PHONE,DISTRACTED
15-07-2026,21:24:28,0.266,0.077,LOOKING LEFT,NO PHONE,DISTRACTED
15-07-2026,21:24:28,0.262,0.079,LOOKING LEFT,NO PHONE,DISTRACTED
15-07-2026,21:24:28,0.261,0.051,LOOKING LEFT,NO PHONE,DISTRACTED
15-07-2026,21:24:28,0.259,0.026,LOOKING LEFT,NO PHONE,DISTRACTED
15-07-2026,21:24:28,0.264,0.026,LOOKING LEFT,NO PHONE,DISTRACTED
15-07-2026,21:24:28,0.206,0.026,LOOKING LEFT,NO PHONE,DISTRACTED
15-07-2026,21:24:28,0.220,0.000,LOOKING FORWARD,NO PHONE,ALERT
15-07-2026,21:24:28,0.248,0.000,LOOKING FORWARD,NO PHONE,ALERT
15-07-2026,21:24:28,0.236,0.050,LOOKING RIGHT,NO PHONE,DISTRACTED
15-07-2026,21:24:28,0.248,0.048,LOOKING FORWARD,NO PHONE,ALERT
15-07-2026,21:24:29,0.255,0.049,LOOKING FORWARD,NO PHONE,ALERT
15-07-2026,21:24:29,0.233,0.049,LOOKING FORWARD,NO PHONE,ALERT
15-07-2026,21:24:29,0.245,0.050,LOOKING FORWARD,NO PHONE,ALERT
15-07-2026,21:24:29,0.249,0.050,LOOKING FORWARD,NO PHONE,ALERT
15-07-2026,21:24:29,0.245,0.024,LOOKING FORWARD,NO PHONE,ALERT
15-07-2026,21:24:29,0.270,0.024,LOOKING FORWARD,NO PHONE,ALERT
15-07-2026,21:24:29,0.258,0.024,LOOKING FORWARD,NO PHONE,ALERT
15-07-2026,21:24:29,0.255,0.000,LOOKING FORWARD,NO PHONE,ALERT
15-07-2026,21:24:29,0.250,0.071,LOOKING FORWARD,NO PHONE,ALERT
15-07-2026,21:24:29,0.243,0.049,LOOKING FORWARD,NO PHONE,ALERT
15-07-2026,21:24:29,0.246,0.077,LOOKING FORWARD,NO PHONE,ALERT
15-07-2026,21:24:29,0.246,0.050,LOOKING FORWARD,NO PHONE,ALERT
15-07-2026,21:24:29,0.265,0.024,LOOKING FORWARD,NO PHONE,ALERT
15-07-2026,21:24:29,0.251,0.050,LOOKING FORWARD,NO PHONE,ALERT
15-07-2026,21:24:29,0.250,0.077,LOOKING FORWARD,NO PHONE,ALERT
15-07-2026,21:24:30,0.250,0.077,LOOKING FORWARD,NO PHONE,ALERT
15-07-2026,21:24:30,0.273,0.050,LOOKING FORWARD,NO PHONE,ALERT
15-07-2026,21:24:30,0.270,0.050,LOOKING FORWARD,NO PHONE,ALERT
15-07-2026,21:24:30,0.258,0.024,LOOKING FORWARD,NO PHONE,ALERT
15-07-2026,21:24:30,0.274,0.049,LOOKING FORWARD,NO PHONE,ALERT
15-07-2026,21:24:30,0.276,0.025,LOOKING FORWARD,NO PHONE,ALERT
15-07-2026,21:24:30,0.276,0.024,LOOKING FORWARD,NO PHONE,ALERT
15-07-2026,21:24:30,0.265,0.049,LOOKING FORWARD,NO PHONE,ALERT
15-07-2026,21:24:30,0.274,0.055,LOOKING FORWARD,NO PHONE,ALERT
15-07-2026,21:24:30,0.274,0.025,LOOKING FORWARD,NO PHONE,ALERT
15-07-2026,21:24:30,0.292,0.049,LOOKING FORWARD,NO PHONE,ALERT
15-07-2026,21:24:30,0.285,0.073,LOOKING FORWARD,NO PHONE,ALERT
15-07-2026,21:24:30,0.285,0.073,LOOKING FORWARD,NO PHONE,ALERT
15-07-2026,21:24:30,0.293,0.050,LOOKING FORWARD,NO PHONE,ALERT
15-07-2026,21:24:30,0.285,0.050,LOOKING FORWARD,NO PHONE,ALERT
15-07-2026,21:24:30,0.275,0.049,LOOKING FORWARD,NO PHONE,ALERT
15-07-2026,21:24:31,0.292,0.049,LOOKING FORWARD,NO PHONE,ALERT
15-07-2026,21:24:31,0.296,0.049,LOOKING FORWARD,NO PHONE,ALERT
15-07-2026,21:24:31,0.289,0.025,LOOKING FORWARD,NO PHONE,ALERT
15-07-2026,21:24:31,0.271,0.024,LOOKING FORWARD,NO PHONE,ALERT
15-07-2026,21:24:31,0.263,0.056,LOOKING FORWARD,NO PHONE,ALERT
15-07-2026,21:24:31,0.270,0.025,LOOKING FORWARD,NO PHONE,ALERT
15-07-2026,21:24:31,0.277,0.025,LOOKING FORWARD,NO PHONE,ALERT
15-07-2026,21:24:31,0.246,0.050,LOOKING FORWARD,NO PHONE,ALERT
15-07-2026,21:24:31,0.246,0.026,LOOKING FORWARD,NO PHONE,ALERT
15-07-2026,21:24:31,0.258,0.050,LOOKING FORWARD,NO PHONE,ALERT
15-07-2026,21:24:31,0.250,0.053,LOOKING FORWARD,NO PHONE,ALERT
15-07-2026,21:24:31,0.261,0.025,LOOKING FORWARD,NO PHONE,ALERT
15-07-2026,21:24:31,0.256,0.025,LOOKING FORWARD,NO PHONE,ALERT
15-07-2026,21:24:31,0.271,0.025,LOOKING FORWARD,NO PHONE,ALERT
15-07-2026,21:24:31,0.270,0.025,LOOKING FORWARD,NO PHONE,ALERT
15-07-2026,21:24:31,0.287,0.026,LOOKING FORWARD,NO PHONE,ALERT
15-07-2026,21:24:32,0.284,0.026,LOOKING FORWARD,NO PHONE,ALERT
15-07-2026,21:24:32,0.291,0.025,LOOKING FORWARD,NO PHONE,ALERT
15-07-2026,21:24:32,0.379,0.025,LOOKING FORWARD,NO PHONE,ALERT
15-07-2026,21:24:32,0.373,0.025,LOOKING FORWARD,NO PHONE,ALERT
15-07-2026,21:24:32,0.373,0.000,LOOKING FORWARD,NO PHONE,ALERT
15-07-2026,21:24:32,0.379,0.000,LOOKING FORWARD,NO PHONE,ALERT
15-07-2026,21:24:32,0.388,0.000,LOOKING FORWARD,NO PHONE,ALERT
15-07-2026,21:24:32,0.381,0.000,LOOKING FORWARD,NO PHONE,ALERT
15-07-2026,21:24:32,0.378,0.000,LOOKING FORWARD,NO PHONE,ALERT
15-07-2026,21:24:32,0.327,0.000,LOOKING FORWARD,NO PHONE,ALERT
15-07-2026,21:24:32,0.323,0.024,LOOKING FORWARD,NO PHONE,ALERT
15-07-2026,21:24:32,0.297,0.024,LOOKING FORWARD,NO PHONE,ALERT
15-07-2026,21:24:32,0.312,0.024,LOOKING FORWARD,NO PHONE,ALERT
15-07-2026,21:24:32,0.312,0.024,LOOKING FORWARD,NO PHONE,ALERT
15-07-2026,21:24:32,0.301,0.050,LOOKING FORWARD,NO PHONE,ALERT
15-07-2026,21:24:32,0.296,0.024,LOOKING FORWARD,NO PHONE,ALERT
15-07-2026,21:24:33,0.290,0.050,LOOKING FORWARD,NO PHONE,ALERT
15-07-2026,21:24:33,0.253,0.049,LOOKING FORWARD,NO PHONE,ALERT
15-07-2026,21:24:33,0.224,0.025,LOOKING FORWARD,NO PHONE,ALERT
15-07-2026,21:24:33,0.198,0.025,LOOKING FORWARD,NO PHONE,ALERT
15-07-2026,21:24:33,0.167,0.025,LOOKING FORWARD,NO PHONE,ALERT
15-07-2026,21:24:33,0.163,0.075,LOOKING FORWARD,NO PHONE,ALERT
15-07-2026,21:24:33,0.167,0.056,LOOKING FORWARD,NO PHONE,ALERT
15-07-2026,21:24:33,0.156,0.103,LOOKING FORWARD,NO PHONE,ALERT
15-07-2026,21:24:33,0.151,0.103,LOOKING FORWARD,NO PHONE,ALERT
15-07-2026,21:24:33,0.147,0.103,LOOKING FORWARD,NO PHONE,ALERT
15-07-2026,21:24:33,0.151,0.103,LOOKING FORWARD,NO PHONE,ALERT
15-07-2026,21:24:33,0.142,0.103,LOOKING FORWARD,NO PHONE,ALERT
15-07-2026,21:24:33,0.142,0.057,LOOKING FORWARD,NO PHONE,ALERT
15-07-2026,21:24:33,0.136,0.077,LOOKING FORWARD,NO PHONE,ALERT
15-07-2026,21:24:33,0.135,0.075,LOOKING FORWARD,NO PHONE,ALERT
15-07-2026,21:24:33,0.148,0.075,LOOKING FORWARD,NO PHONE,ALERT
15-07-2026,21:24:34,0.138,0.075,LOOKING FORWARD,NO PHONE,ALERT
15-07-2026,21:24:34,0.136,0.051,LOOKING FORWARD,NO PHONE,ALERT
15-07-2026,21:24:34,0.132,0.051,LOOKING FORWARD,NO PHONE,ALERT
15-07-2026,21:24:34,0.136,0.051,LOOKING FORWARD,NO PHONE,ALERT
15-07-2026,21:24:34,0.152,0.025,LOOKING FORWARD,NO PHONE,ALERT
15-07-2026,21:24:34,0.140,0.026,LOOKING FORWARD,NO PHONE,ALERT
15-07-2026,21:24:34,0.132,0.051,LOOKING FORWARD,NO PHONE,DROWSY
15-07-2026,21:24:34,0.154,0.026,LOOKING FORWARD,NO PHONE,DROWSY
15-07-2026,21:24:34,0.177,0.077,LOOKING FORWARD,NO PHONE,DROWSY
15-07-2026,21:24:34,0.173,0.103,LOOKING FORWARD,NO PHONE,DROWSY
15-07-2026,21:24:34,0.157,0.081,LOOKING FORWARD,NO PHONE,DROWSY
15-07-2026,21:24:34,0.168,0.077,LOOKING FORWARD,NO PHONE,DROWSY
15-07-2026,21:24:34,0.147,0.081,LOOKING FORWARD,NO PHONE,DROWSY
15-07-2026,21:24:34,0.138,0.050,LOOKING FORWARD,NO PHONE,DROWSY
15-07-2026,21:24:34,0.165,0.050,LOOKING FORWARD,NO PHONE,DROWSY
15-07-2026,21:24:34,0.138,0.050,LOOKING FORWARD,NO PHONE,DROWSY
15-07-2026,21:24:35,0.161,0.050,LOOKING FORWARD,NO PHONE,DROWSY
15-07-2026,21:24:35,0.161,0.026,LOOKING FORWARD,NO PHONE,DROWSY
15-07-2026,21:24:35,0.205,0.025,LOOKING FORWARD,NO PHONE,ALERT
15-07-2026,21:24:35,0.229,0.050,LOOKING FORWARD,NO PHONE,ALERT
15-07-2026,21:24:35,0.247,0.051,LOOKING FORWARD,NO PHONE,ALERT
15-07-2026,21:24:35,0.248,0.049,LOOKING FORWARD,NO PHONE,ALERT
15-07-2026,21:24:35,0.253,0.050,LOOKING FORWARD,NO PHONE,ALERT
15-07-2026,21:24:35,0.261,0.049,LOOKING FORWARD,NO PHONE,ALERT
15-07-2026,21:24:35,0.244,0.049,LOOKING FORWARD,NO PHONE,ALERT
15-07-2026,21:24:35,0.263,0.056,LOOKING FORWARD,NO PHONE,ALERT
15-07-2026,21:24:35,0.261,0.050,LOOKING FORWARD,NO PHONE,ALERT
15-07-2026,21:24:35,0.265,0.050,LOOKING FORWARD,NO PHONE,ALERT
15-07-2026,21:24:35,0.259,0.050,LOOKING FORWARD,NO PHONE,ALERT
15-07-2026,21:24:35,0.270,0.050,LOOKING FORWARD,NO PHONE,ALERT
15-07-2026,21:24:35,0.277,0.055,LOOKING FORWARD,NO PHONE,ALERT
15-07-2026,21:24:36,0.273,0.050,LOOKING FORWARD,NO PHONE,ALERT
15-07-2026,21:24:36,0.261,0.050,LOOKING FORWARD,NO PHONE,ALERT
15-07-2026,21:24:36,0.246,0.050,LOOKING FORWARD,NO PHONE,ALERT
15-07-2026,21:24:36,0.243,0.050,LOOKING FORWARD,NO PHONE,ALERT
15-07-2026,21:24:36,0.251,0.050,LOOKING FORWARD,NO PHONE,ALERT
15-07-2026,21:24:36,0.160,0.050,LOOKING FORWARD,NO PHONE,ALERT
15-07-2026,21:24:36,0.144,0.025,LOOKING FORWARD,NO PHONE,ALERT
15-07-2026,21:24:36,0.121,0.025,LOOKING FORWARD,NO PHONE,ALERT
15-07-2026,21:24:36,0.106,0.035,LOOKING FORWARD,NO PHONE,ALERT
15-07-2026,21:24:36,0.102,0.050,LOOKING FORWARD,NO PHONE,ALERT
15-07-2026,21:24:36,0.093,0.050,LOOKING FORWARD,NO PHONE,ALERT
15-07-2026,21:24:36,0.145,0.050,LOOKING FORWARD,NO PHONE,ALERT
15-07-2026,21:24:36,0.156,0.035,LOOKING FORWARD,NO PHONE,ALERT
15-07-2026,21:24:36,0.169,0.051,LOOKING FORWARD,NO PHONE,ALERT
15-07-2026,21:24:36,0.172,0.100,LOOKING FORWARD,NO PHONE,ALERT
15-07-2026,21:24:36,0.150,0.125,LOOKING FORWARD,NO PHONE,ALERT
15-07-2026,21:24:37,0.166,0.100,LOOKING FORWARD,NO PHONE,ALERT
15-07-2026,21:24:37,0.161,0.103,LOOKING FORWARD,NO PHONE,ALERT
15-07-2026,21:24:37,0.164,0.081,LOOKING FORWARD,NO PHONE,ALERT
15-07-2026,21:24:37,0.144,0.103,LOOKING FORWARD,NO PHONE,ALERT
15-07-2026,21:24:37,0.166,0.100,LOOKING FORWARD,NO PHONE,ALERT
15-07-2026,21:24:37,0.166,0.079,LOOKING FORWARD,NO PHONE,ALERT
15-07-2026,21:24:37,0.151,0.100,LOOKING FORWARD,NO PHONE,ALERT
15-07-2026,21:24:37,0.166,0.103,LOOKING FORWARD,NO PHONE,ALERT
15-07-2026,21:24:37,0.151,0.077,LOOKING FORWARD,NO PHONE,DROWSY
15-07-2026,21:24:37,0.173,0.051,LOOKING FORWARD,NO PHONE,DROWSY
15-07-2026,21:24:37,0.180,0.056,LOOKING FORWARD,NO PHONE,DROWSY
15-07-2026,21:24:37,0.176,0.026,LOOKING FORWARD,NO PHONE,DROWSY
15-07-2026,21:24:37,0.165,0.026,LOOKING FORWARD,NO PHONE,DROWSY
15-07-2026,21:24:37,0.154,0.103,LOOKING FORWARD,NO PHONE,DROWSY
15-07-2026,21:24:37,0.151,0.103,LOOKING FORWARD,NO PHONE,DROWSY
15-07-2026,21:24:38,0.155,0.077,LOOKING FORWARD,NO PHONE,DROWSY
15-07-2026,21:24:38,0.159,0.050,LOOKING FORWARD,NO PHONE,DROWSY
15-07-2026,21:24:38,0.169,0.050,LOOKING FORWARD,NO PHONE,DROWSY
15-07-2026,21:24:38,0.177,0.025,LOOKING FORWARD,NO PHONE,DROWSY
15-07-2026,21:24:38,0.200,0.025,LOOKING FORWARD,NO PHONE,ALERT
15-07-2026,21:24:38,0.208,0.050,LOOKING FORWARD,NO PHONE,ALERT
15-07-2026,21:24:38,0.205,0.073,LOOKING FORWARD,NO PHONE,ALERT
15-07-2026,21:24:38,0.199,0.057,LOOKING FORWARD,NO PHONE,ALERT
15-07-2026,21:24:38,0.195,0.051,LOOKING FORWARD,NO PHONE,ALERT
15-07-2026,21:24:38,0.197,0.051,LOOKING FORWARD,NO PHONE,ALERT
15-07-2026,21:24:38,0.221,0.056,LOOKING FORWARD,NO PHONE,ALERT
15-07-2026,21:24:38,0.211,0.050,LOOKING FORWARD,NO PHONE,ALERT
15-07-2026,21:24:38,0.239,0.050,LOOKING FORWARD,NO PHONE,ALERT
15-07-2026,21:24:38,0.219,0.050,LOOKING FORWARD,NO PHONE,ALERT
15-07-2026,21:24:38,0.235,0.079,LOOKING FORWARD,NO PHONE,ALERT
15-07-2026,21:24:39,0.226,0.025,LOOKING FORWARD,NO PHONE,ALERT
15-07-2026,21:24:39,0.225,0.000,LOOKING FORWARD,NO PHONE,ALERT
15-07-2026,21:24:39,0.229,0.025,LOOKING FORWARD,NO PHONE,ALERT
15-07-2026,21:24:39,0.228,0.050,LOOKING FORWARD,NO PHONE,ALERT
15-07-2026,21:24:39,0.233,0.026,LOOKING FORWARD,NO PHONE,ALERT
15-07-2026,21:24:39,0.230,0.051,LOOKING FORWARD,NO PHONE,ALERT
15-07-2026,21:24:39,0.236,0.000,LOOKING FORWARD,NO PHONE,ALERT
15-07-2026,21:24:39,0.254,0.000,LOOKING FORWARD,NO PHONE,ALERT
15-07-2026,21:24:39,0.254,0.051,LOOKING FORWARD,NO PHONE,ALERT
15-07-2026,21:24:39,0.235,0.385,LOOKING FORWARD,NO PHONE,ALERT
15-07-2026,21:24:39,0.231,0.385,LOOKING FORWARD,NO PHONE,ALERT
15-07-2026,21:24:39,0.251,0.464,LOOKING FORWARD,NO PHONE,YAWNING
15-07-2026,21:24:39,0.245,0.600,LOOKING FORWARD,NO PHONE,YAWNING
15-07-2026,21:24:39,0.261,0.585,LOOKING FORWARD,NO PHONE,YAWNING
15-07-2026,21:24:39,0.245,0.600,LOOKING FORWARD,NO PHONE,YAWNING
15-07-2026,21:24:39,0.250,0.625,LOOKING FORWARD,NO PHONE,YAWNING
15-07-2026,21:24:40,0.245,0.625,LOOKING FORWARD,NO PHONE,YAWNING
15-07-2026,21:24:40,0.240,0.575,LOOKING FORWARD,NO PHONE,YAWNING
15-07-2026,21:24:40,0.265,0.551,LOOKING FORWARD,NO PHONE,YAWNING
15-07-2026,21:24:40,0.275,0.551,LOOKING FORWARD,NO PHONE,YAWNING
15-07-2026,21:24:40,0.230,0.550,LOOKING FORWARD,NO PHONE,YAWNING
15-07-2026,21:24:40,0.219,0.575,LOOKING FORWARD,NO PHONE,YAWNING
15-07-2026,21:24:40,0.230,0.575,LOOKING FORWARD,NO PHONE,YAWNING
15-07-2026,21:24:40,0.228,0.550,LOOKING FORWARD,NO PHONE,YAWNING
15-07-2026,21:24:40,0.225,0.474,LOOKING FORWARD,NO PHONE,YAWNING
15-07-2026,21:24:40,0.237,0.487,LOOKING FORWARD,NO PHONE,YAWNING
15-07-2026,21:24:40,0.248,0.282,LOOKING FORWARD,NO PHONE,ALERT
15-07-2026,21:24:40,0.225,0.125,LOOKING FORWARD,NO PHONE,ALERT
15-07-2026,21:24:40,0.212,0.098,LOOKING FORWARD,NO PHONE,ALERT
15-07-2026,21:24:40,0.241,0.024,LOOKING FORWARD,NO PHONE,ALERT
15-07-2026,21:24:40,0.240,0.049,LOOKING FORWARD,NO PHONE,ALERT
15-07-2026,21:24:41,0.253,0.073,LOOKING FORWARD,NO PHONE,ALERT
15-07-2026,21:24:41,0.250,0.051,LOOKING FORWARD,NO PHONE,ALERT
15-07-2026,21:24:41,0.260,0.051,LOOKING FORWARD,NO PHONE,ALERT
15-07-2026,21:24:41,0.253,0.024,LOOKING FORWARD,NO PHONE,ALERT
15-07-2026,21:24:41,0.255,0.025,LOOKING FORWARD,NO PHONE,ALERT
15-07-2026,21:24:41,0.244,0.024,LOOKING FORWARD,NO PHONE,ALERT
15-07-2026,21:24:41,0.250,0.025,LOOKING FORWARD,NO PHONE,ALERT
15-07-2026,21:24:41,0.258,0.026,LOOKING FORWARD,NO PHONE,ALERT
15-07-2026,21:24:41,0.247,0.025,LOOKING FORWARD,NO PHONE,ALERT
15-07-2026,21:24:41,0.269,0.025,LOOKING FORWARD,NO PHONE,ALERT
15-07-2026,21:24:41,0.269,0.050,LOOKING FORWARD,NO PHONE,ALERT
15-07-2026,21:24:41,0.264,0.050,LOOKING FORWARD,NO PHONE,ALERT
15-07-2026,21:24:41,0.266,0.049,LOOKING FORWARD,NO PHONE,ALERT
15-07-2026,21:24:41,0.261,0.049,LOOKING FORWARD,NO PHONE,ALERT
15-07-2026,21:24:41,0.261,0.049,LOOKING FORWARD,NO PHONE,ALERT
15-07-2026,21:24:41,0.265,0.048,LOOKING FORWARD,NO PHONE,ALERT
15-07-2026,21:24:42,0.218,0.000,LOOKING LEFT,NO PHONE,DISTRACTED
15-07-2026,21:24:42,0.228,0.000,LOOKING LEFT,NO PHONE,DISTRACTED
15-07-2026,21:24:42,0.272,0.027,LOOKING LEFT,NO PHONE,DISTRACTED
15-07-2026,21:24:42,0.260,0.029,LOOKING LEFT,NO PHONE,DISTRACTED
15-07-2026,21:24:42,0.269,0.000,LOOKING LEFT,NO PHONE,DISTRACTED
15-07-2026,21:24:42,0.295,0.000,LOOKING LEFT,NO PHONE,DISTRACTED
15-07-2026,21:24:42,0.310,0.000,LOOKING LEFT,NO PHONE,DISTRACTED
15-07-2026,21:24:42,0.288,0.000,LOOKING LEFT,NO PHONE,DISTRACTED
15-07-2026,21:24:42,0.290,0.000,LOOKING LEFT,NO PHONE,DISTRACTED
15-07-2026,21:24:42,0.309,0.000,LOOKING LEFT,NO PHONE,DISTRACTED
15-07-2026,21:24:42,0.310,0.000,LOOKING LEFT,NO PHONE,DISTRACTED
15-07-2026,21:24:42,0.310,0.000,LOOKING LEFT,NO PHONE,DISTRACTED
15-07-2026,21:24:42,0.302,0.000,LOOKING LEFT,NO PHONE,DISTRACTED
15-07-2026,21:24:42,0.299,0.000,LOOKING LEFT,NO PHONE,DISTRACTED
15-07-2026,21:24:42,0.305,0.029,LOOKING LEFT,NO PHONE,DISTRACTED
15-07-2026,21:24:43,0.307,0.000,LOOKING LEFT,NO PHONE,DISTRACTED
15-07-2026,21:24:43,0.296,0.000,LOOKING LEFT,NO PHONE,DISTRACTED
15-07-2026,21:24:43,0.301,0.000,LOOKING LEFT,NO PHONE,DISTRACTED
15-07-2026,21:24:43,0.299,0.000,LOOKING LEFT,NO PHONE,DISTRACTED
15-07-2026,21:24:43,0.303,0.000,LOOKING LEFT,NO PHONE,DISTRACTED
15-07-2026,21:24:43,0.310,0.000,LOOKING LEFT,NO PHONE,DISTRACTED
15-07-2026,21:24:43,0.314,0.000,LOOKING LEFT,NO PHONE,DISTRACTED
15-07-2026,21:24:43,0.291,0.000,LOOKING LEFT,NO PHONE,DISTRACTED
15-07-2026,21:24:43,0.220,0.026,LOOKING LEFT,NO PHONE,DISTRACTED
15-07-2026,21:24:43,0.209,0.000,LOOKING FORWARD,NO PHONE,ALERT
15-07-2026,21:24:43,0.213,0.026,LOOKING FORWARD,NO PHONE,ALERT
15-07-2026,21:24:43,0.214,0.000,LOOKING RIGHT,NO PHONE,DISTRACTED
15-07-2026,21:24:43,0.245,0.026,LOOKING RIGHT,NO PHONE,DISTRACTED
15-07-2026,21:24:43,0.242,0.060,LOOKING RIGHT,NO PHONE,DISTRACTED
15-07-2026,21:24:43,0.331,0.028,LOOKING RIGHT,NO PHONE,DISTRACTED
15-07-2026,21:24:44,0.341,0.056,LOOKING RIGHT,NO PHONE,DISTRACTED
15-07-2026,21:24:44,0.308,0.056,LOOKING RIGHT,NO PHONE,DISTRACTED
15-07-2026,21:24:44,0.334,0.030,LOOKING RIGHT,NO PHONE,DISTRACTED
15-07-2026,21:24:44,0.347,0.043,LOOKING RIGHT,NO PHONE,DISTRACTED
15-07-2026,21:24:44,0.304,0.029,LOOKING RIGHT,NO PHONE,DISTRACTED
15-07-2026,21:24:44,0.324,0.029,LOOKING RIGHT,NO PHONE,DISTRACTED
15-07-2026,21:24:44,0.322,0.029,LOOKING RIGHT,NO PHONE,DISTRACTED
15-07-2026,21:24:44,0.288,0.000,LOOKING RIGHT,NO PHONE,DISTRACTED
15-07-2026,21:24:44,0.241,0.029,LOOKING RIGHT,NO PHONE,DISTRACTED
15-07-2026,21:24:44,0.260,0.027,LOOKING RIGHT,NO PHONE,DISTRACTED
15-07-2026,21:24:44,0.240,0.027,LOOKING RIGHT,NO PHONE,DISTRACTED
15-07-2026,21:24:44,0.256,0.026,LOOKING RIGHT,NO PHONE,DISTRACTED
15-07-2026,21:24:44,0.243,0.037,LOOKING RIGHT,NO PHONE,DISTRACTED
15-07-2026,21:24:44,0.249,0.026,LOOKING RIGHT,NO PHONE,DISTRACTED
15-07-2026,21:24:44,0.269,0.050,LOOKING RIGHT,NO PHONE,DISTRACTED
15-07-2026,21:24:45,0.240,0.050,LOOKING RIGHT,NO PHONE,DISTRACTED
15-07-2026,21:24:45,0.244,0.049,LOOKING RIGHT,NO PHONE,DISTRACTED
15-07-2026,21:24:45,0.255,0.000,LOOKING RIGHT,NO PHONE,DISTRACTED
15-07-2026,21:24:45,0.258,0.024,LOOKING FORWARD,NO PHONE,ALERT
15-07-2026,21:24:45,0.267,0.024,LOOKING FORWARD,NO PHONE,ALERT
15-07-2026,21:24:45,0.249,0.024,LOOKING FORWARD,NO PHONE,ALERT
15-07-2026,21:24:45,0.263,0.023,LOOKING FORWARD,NO PHONE,ALERT
15-07-2026,21:24:45,0.263,0.024,LOOKING FORWARD,NO PHONE,ALERT
15-07-2026,21:24:45,0.251,0.024,LOOKING FORWARD,NO PHONE,ALERT
15-07-2026,21:24:45,0.258,0.049,LOOKING FORWARD,NO PHONE,ALERT
15-07-2026,21:24:45,0.265,0.049,LOOKING FORWARD,NO PHONE,ALERT
15-07-2026,21:24:45,0.239,0.000,LOOKING FORWARD,NO PHONE,ALERT
15-07-2026,21:24:45,0.264,0.027,LOOKING FORWARD,NO PHONE,ALERT
15-07-2026,21:24:45,0.263,0.000,LOOKING FORWARD,NO PHONE,ALERT
15-07-2026,21:24:45,0.215,0.028,LOOKING FORWARD,NO PHONE,ALERT
15-07-2026,21:24:46,0.235,0.085,LOOKING FORWARD,NO PHONE,ALERT
15-07-2026,21:24:46,0.240,0.137,LOOKING FORWARD,NO PHONE,ALERT
15-07-2026,21:24:46,0.241,0.000,LOOKING DOWN,NO PHONE,DISTRACTED
15-07-2026,21:24:46,0.204,0.028,LOOKING FORWARD,NO PHONE,ALERT
15-07-2026,21:24:46,0.199,0.028,LOOKING FORWARD,NO PHONE,ALERT
15-07-2026,21:24:46,0.221,0.000,LOOKING DOWN,NO PHONE,DISTRACTED
15-07-2026,21:24:46,0.221,0.027,LOOKING DOWN,NO PHONE,DISTRACTED
15-07-2026,21:24:46,0.228,0.000,LOOKING DOWN,NO PHONE,DISTRACTED
15-07-2026,21:24:46,0.226,0.000,LOOKING DOWN,NO PHONE,DISTRACTED
15-07-2026,21:24:46,0.236,0.000,LOOKING DOWN,NO PHONE,DISTRACTED
15-07-2026,21:24:46,0.219,0.000,LOOKING DOWN,NO PHONE,DISTRACTED
15-07-2026,21:24:46,0.194,0.027,LOOKING FORWARD,NO PHONE,ALERT
15-07-2026,21:24:46,0.201,0.000,LOOKING FORWARD,NO PHONE,ALERT
15-07-2026,21:24:46,0.215,0.000,LOOKING FORWARD,NO PHONE,ALERT
15-07-2026,21:24:46,0.200,0.027,LOOKING FORWARD,NO PHONE,ALERT
15-07-2026,21:24:46,0.209,0.000,LOOKING FORWARD,NO PHONE,ALERT
15-07-2026,21:24:47,0.207,0.026,LOOKING FORWARD,NO PHONE,ALERT
15-07-2026,21:24:47,0.211,0.054,LOOKING FORWARD,NO PHONE,ALERT
15-07-2026,21:24:47,0.222,0.000,LOOKING FORWARD,NO PHONE,ALERT
15-07-2026,21:24:47,0.219,0.180,LOOKING FORWARD,NO PHONE,ALERT
15-07-2026,21:24:47,0.230,0.055,LOOKING FORWARD,NO PHONE,ALERT
15-07-2026,21:24:47,0.270,0.059,LOOKING FORWARD,NO PHONE,ALERT
15-07-2026,21:24:47,0.205,0.000,LOOKING FORWARD,NO PHONE,ALERT
15-07-2026,21:24:47,0.207,0.102,LOOKING FORWARD,NO PHONE,ALERT
15-07-2026,21:24:47,0.217,0.056,LOOKING FORWARD,NO PHONE,ALERT
15-07-2026,21:24:47,0.212,0.026,LOOKING FORWARD,NO PHONE,ALERT
15-07-2026,21:24:47,0.207,0.000,LOOKING FORWARD,NO PHONE,ALERT
15-07-2026,21:24:47,0.263,0.024,LOOKING FORWARD,NO PHONE,ALERT
15-07-2026,21:24:47,0.262,0.024,LOOKING FORWARD,NO PHONE,ALERT
15-07-2026,21:24:47,0.260,0.000,LOOKING FORWARD,NO PHONE,ALERT
15-07-2026,21:24:47,0.276,0.000,LOOKING FORWARD,NO PHONE,ALERT
15-07-2026,21:24:47,0.277,0.097,LOOKING FORWARD,NO PHONE,ALERT
15-07-2026,21:24:48,0.276,0.056,LOOKING FORWARD,NO PHONE,ALERT
15-07-2026,21:24:48,0.290,0.035,LOOKING FORWARD,NO PHONE,ALERT
15-07-2026,21:24:48,0.278,0.000,LOOKING FORWARD,NO PHONE,ALERT
15-07-2026,21:24:48,0.279,0.024,LOOKING FORWARD,NO PHONE,ALERT
15-07-2026,21:24:48,0.264,0.035,LOOKING UP,NO PHONE,DISTRACTED
15-07-2026,21:24:48,0.272,0.024,LOOKING UP,NO PHONE,DISTRACTED
15-07-2026,21:24:48,0.239,0.026,LOOKING UP,NO PHONE,DISTRACTED
15-07-2026,21:24:48,0.266,0.024,LOOKING UP,NO PHONE,DISTRACTED
15-07-2026,21:24:48,0.249,0.026,LOOKING UP,NO PHONE,DISTRACTED
15-07-2026,21:24:48,0.239,0.026,LOOKING UP,NO PHONE,DISTRACTED
15-07-2026,21:24:48,0.256,0.026,LOOKING UP,NO PHONE,DISTRACTED
15-07-2026,21:24:48,0.261,0.036,LOOKING UP,NO PHONE,DISTRACTED
15-07-2026,21:24:48,0.239,0.026,LOOKING UP,NO PHONE,DISTRACTED
15-07-2026,21:24:48,0.240,0.026,LOOKING UP,NO PHONE,DISTRACTED
15-07-2026,21:24:48,0.240,0.000,LOOKING UP,NO PHONE,DISTRACTED
15-07-2026,21:24:48,0.277,0.000,LOOKING UP,NO PHONE,DISTRACTED
15-07-2026,21:24:49,0.241,0.053,LOOKING UP,NO PHONE,DISTRACTED
15-07-2026,21:24:49,0.251,0.026,LOOKING UP,NO PHONE,DISTRACTED
15-07-2026,21:24:49,0.219,0.000,LOOKING FORWARD,NO PHONE,ALERT
15-07-2026,21:24:49,0.247,0.000,LOOKING FORWARD,NO PHONE,ALERT
15-07-2026,21:24:49,0.254,0.000,LOOKING FORWARD,NO PHONE,ALERT
15-07-2026,21:24:49,0.243,0.105,LOOKING FORWARD,NO PHONE,ALERT
15-07-2026,21:24:49,0.246,0.075,LOOKING FORWARD,NO PHONE,ALERT
15-07-2026,21:24:49,0.248,0.077,LOOKING FORWARD,NO PHONE,ALERT
15-07-2026,21:24:49,0.248,0.025,LOOKING FORWARD,NO PHONE,ALERT
15-07-2026,21:24:49,0.255,0.026,LOOKING FORWARD,NO PHONE,ALERT
15-07-2026,21:24:49,0.265,0.026,LOOKING FORWARD,NO PHONE,ALERT
15-07-2026,21:24:49,0.253,0.024,LOOKING FORWARD,NO PHONE,ALERT
15-07-2026,21:24:49,0.270,0.000,LOOKING FORWARD,NO PHONE,ALERT
15-07-2026,21:24:49,0.270,0.000,LOOKING FORWARD,NO PHONE,ALERT
15-07-2026,21:24:49,0.222,0.000,LOOKING FORWARD,NO PHONE,ALERT
15-07-2026,21:24:50,0.231,0.026,LOOKING FORWARD,NO PHONE,ALERT
15-07-2026,21:24:50,0.213,0.026,LOOKING FORWARD,NO PHONE,ALERT
15-07-2026,21:24:50,0.259,0.025,LOOKING FORWARD,NO PHONE,ALERT
15-07-2026,21:24:50,0.260,0.026,LOOKING FORWARD,NO PHONE,ALERT
15-07-2026,21:24:50,0.280,0.025,LOOKING FORWARD,NO PHONE,ALERT
15-07-2026,21:24:50,0.268,0.026,LOOKING FORWARD,NO PHONE,ALERT
15-07-2026,21:24:50,0.285,0.026,LOOKING FORWARD,NO PHONE,ALERT
15-07-2026,21:24:50,0.259,0.026,LOOKING FORWARD,NO PHONE,ALERT
15-07-2026,21:24:50,0.270,0.025,LOOKING FORWARD,NO PHONE,ALERT
15-07-2026,21:24:50,0.270,0.024,LOOKING FORWARD,NO PHONE,ALERT
15-07-2026,21:24:50,0.277,0.025,LOOKING FORWARD,NO PHONE,ALERT
15-07-2026,21:24:50,0.279,0.026,LOOKING FORWARD,NO PHONE,ALERT
15-07-2026,21:24:50,0.276,0.000,LOOKING FORWARD,NO PHONE,ALERT
15-07-2026,21:24:50,0.270,0.026,LOOKING FORWARD,NO PHONE,ALERT
15-07-2026,21:24:50,0.264,0.000,LOOKING FORWARD,NO PHONE,ALERT
15-07-2026,21:24:50,0.273,0.000,LOOKING FORWARD,NO PHONE,ALERT
15-07-2026,21:24:51,0.270,0.025,LOOKING FORWARD,NO PHONE,ALERT
15-07-2026,21:24:51,0.280,0.000,LOOKING FORWARD,NO PHONE,ALERT
15-07-2026,21:24:51,0.274,0.000,LOOKING FORWARD,NO PHONE,ALERT
15-07-2026,21:24:51,0.268,0.050,LOOKING FORWARD,NO PHONE,ALERT
15-07-2026,21:24:51,0.259,0.025,LOOKING FORWARD,NO PHONE,ALERT
15-07-2026,21:24:51,0.283,0.000,LOOKING FORWARD,NO PHONE,ALERT
15-07-2026,21:24:51,0.272,0.000,LOOKING FORWARD,NO PHONE,ALERT
15-07-2026,21:24:51,0.283,0.000,LOOKING FORWARD,NO PHONE,ALERT
15-07-2026,21:24:51,0.283,0.000,LOOKING FORWARD,NO PHONE,ALERT
15-07-2026,21:24:51,0.272,0.000,LOOKING FORWARD,NO PHONE,ALERT
15-07-2026,21:24:51,0.283,0.000,LOOKING FORWARD,NO PHONE,ALERT
15-07-2026,21:24:51,0.292,0.000,LOOKING FORWARD,NO PHONE,ALERT
15-07-2026,21:24:51,0.281,0.025,LOOKING FORWARD,NO PHONE,ALERT
15-07-2026,21:24:51,0.283,0.000,LOOKING FORWARD,NO PHONE,ALERT
15-07-2026,21:24:51,0.280,0.050,LOOKING FORWARD,NO PHONE,ALERT
15-07-2026,21:24:51,0.290,0.024,LOOKING FORWARD,NO PHONE,ALERT
15-07-2026,21:24:52,0.275,0.025,LOOKING FORWARD,NO PHONE,ALERT
15-07-2026,21:24:52,0.260,0.035,LOOKING FORWARD,NO PHONE,ALERT
15-07-2026,21:24:52,0.277,0.025,LOOKING FORWARD,NO PHONE,ALERT
15-07-2026,21:24:52,0.277,0.000,LOOKING FORWARD,NO PHONE,ALERT
15-07-2026,21:24:52,0.277,0.000,LOOKING FORWARD,NO PHONE,ALERT
15-07-2026,21:24:52,0.275,0.000,LOOKING FORWARD,NO PHONE,ALERT
15-07-2026,21:24:52,0.277,0.025,LOOKING FORWARD,NO PHONE,ALERT
15-07-2026,21:24:52,0.277,0.000,LOOKING FORWARD,NO PHONE,ALERT
15-07-2026,21:24:52,0.275,0.025,LOOKING FORWARD,NO PHONE,ALERT
15-07-2026,21:24:52,0.275,0.025,LOOKING FORWARD,NO PHONE,ALERT
15-07-2026,21:24:52,0.275,0.026,LOOKING FORWARD,NO PHONE,ALERT
15-07-2026,21:24:52,0.265,0.025,LOOKING FORWARD,NO PHONE,ALERT
15-07-2026,21:24:52,0.255,0.025,LOOKING FORWARD,NO PHONE,ALERT
15-07-2026,21:24:52,0.267,0.000,LOOKING FORWARD,NO PHONE,ALERT
15-07-2026,21:24:52,0.265,0.025,LOOKING FORWARD,NO PHONE,ALERT
15-07-2026,21:24:53,0.265,0.024,LOOKING FORWARD,NO PHONE,ALERT
15-07-2026,21:24:53,0.265,0.024,LOOKING FORWARD,NO PHONE,ALERT
15-07-2026,21:24:53,0.275,0.024,LOOKING FORWARD,NO PHONE,ALERT
15-07-2026,21:24:53,0.275,0.024,LOOKING FORWARD,NO PHONE,ALERT
15-07-2026,21:24:53,0.265,0.024,LOOKING FORWARD,NO PHONE,ALERT
15-07-2026,21:24:53,0.265,0.024,LOOKING FORWARD,NO PHONE,ALERT
15-07-2026,21:24:53,0.284,0.024,LOOKING FORWARD,NO PHONE,ALERT
15-07-2026,21:24:53,0.284,0.024,LOOKING FORWARD,NO PHONE,ALERT
15-07-2026,21:24:53,0.284,0.049,LOOKING FORWARD,NO PHONE,ALERT
15-07-2026,21:24:53,0.286,0.024,LOOKING FORWARD,NO PHONE,ALERT
15-07-2026,21:24:53,0.284,0.024,LOOKING FORWARD,NO PHONE,ALERT
15-07-2026,21:24:53,0.286,0.025,LOOKING FORWARD,NO PHONE,ALERT
15-07-2026,21:24:53,0.267,0.025,LOOKING FORWARD,NO PHONE,ALERT
15-07-2026,21:24:53,0.265,0.050,LOOKING FORWARD,NO PHONE,ALERT
15-07-2026,21:24:53,0.275,0.025,LOOKING FORWARD,NO PHONE,ALERT
15-07-2026,21:24:53,0.286,0.050,LOOKING FORWARD,NO PHONE,ALERT
15-07-2026,21:24:54,0.287,0.024,LOOKING FORWARD,NO PHONE,ALERT
15-07-2026,21:24:54,0.280,0.025,LOOKING FORWARD,NO PHONE,ALERT
15-07-2026,21:24:54,0.280,0.024,LOOKING FORWARD,NO PHONE,ALERT
15-07-2026,21:24:54,0.285,0.024,LOOKING FORWARD,NO PHONE,ALERT
15-07-2026,21:24:54,0.275,0.025,LOOKING FORWARD,NO PHONE,ALERT
15-07-2026,21:24:54,0.273,0.035,LOOKING FORWARD,NO PHONE,ALERT
15-07-2026,21:24:54,0.283,0.025,LOOKING FORWARD,NO PHONE,ALERT
15-07-2026,21:24:54,0.273,0.025,LOOKING FORWARD,NO PHONE,ALERT
15-07-2026,21:24:54,0.272,0.055,LOOKING FORWARD,NO PHONE,ALERT
15-07-2026,21:24:54,0.272,0.035,LOOKING FORWARD,NO PHONE,ALERT
15-07-2026,21:24:54,0.282,0.024,LOOKING FORWARD,NO PHONE,ALERT
15-07-2026,21:24:54,0.287,0.024,LOOKING FORWARD,NO PHONE,ALERT
15-07-2026,21:24:54,0.279,0.024,LOOKING FORWARD,NO PHONE,ALERT
15-07-2026,21:24:54,0.250,0.000,LOOKING FORWARD,NO PHONE,ALERT
15-07-2026,21:24:54,0.260,0.000,LOOKING FORWARD,NO PHONE,ALERT
15-07-2026,21:24:55,0.265,0.025,LOOKING FORWARD,NO PHONE,ALERT
15-07-2026,21:24:55,0.255,0.025,LOOKING FORWARD,NO PHONE,ALERT
15-07-2026,21:24:55,0.254,0.000,LOOKING FORWARD,NO PHONE,ALERT
15-07-2026,21:24:55,0.263,0.024,LOOKING FORWARD,NO PHONE,ALERT
15-07-2026,21:24:55,0.233,0.034,LOOKING FORWARD,NO PHONE,ALERT
15-07-2026,21:24:55,0.246,0.024,LOOKING FORWARD,NO PHONE,ALERT
15-07-2026,21:24:55,0.233,0.077,LOOKING FORWARD,NO PHONE,ALERT
15-07-2026,21:24:55,0.233,0.024,LOOKING FORWARD,NO PHONE,ALERT
15-07-2026,21:24:55,0.228,0.024,LOOKING FORWARD,NO PHONE,ALERT
15-07-2026,21:24:55,0.228,0.024,LOOKING FORWARD,NO PHONE,ALERT
15-07-2026,21:24:55,0.224,0.000,LOOKING FORWARD,NO PHONE,ALERT
15-07-2026,21:24:55,0.218,0.049,LOOKING FORWARD,NO PHONE,ALERT
15-07-2026,21:24:55,0.243,0.000,LOOKING FORWARD,NO PHONE,ALERT
15-07-2026,21:24:55,0.260,0.025,LOOKING FORWARD,NO PHONE,ALERT
15-07-2026,21:24:55,0.259,0.026,LOOKING FORWARD,NO PHONE,ALERT
15-07-2026,21:24:55,0.277,0.000,LOOKING FORWARD,NO PHONE,ALERT
15-07-2026,21:24:55,0.260,0.025,LOOKING FORWARD,NO PHONE,ALERT
15-07-2026,21:24:56,0.255,0.025,LOOKING FORWARD,NO PHONE,ALERT
15-07-2026,21:24:56,0.265,0.025,LOOKING FORWARD,NO PHONE,ALERT
15-07-2026,21:24:56,0.265,0.000,LOOKING FORWARD,NO PHONE,ALERT
15-07-2026,21:24:56,0.269,0.050,LOOKING FORWARD,NO PHONE,ALERT
15-07-2026,21:24:56,0.264,0.050,LOOKING FORWARD,NO PHONE,ALERT
15-07-2026,21:24:56,0.276,0.025,LOOKING FORWARD,NO PHONE,ALERT
15-07-2026,21:24:56,0.280,0.025,LOOKING FORWARD,NO PHONE,ALERT
15-07-2026,21:24:56,0.283,0.025,LOOKING FORWARD,NO PHONE,ALERT
15-07-2026,21:24:56,0.287,0.025,LOOKING FORWARD,NO PHONE,ALERT
15-07-2026,21:24:56,0.279,0.024,LOOKING FORWARD,NO PHONE,ALERT
15-07-2026,21:24:56,0.283,0.024,LOOKING FORWARD,NO PHONE,ALERT
15-07-2026,21:24:56,0.281,0.025,LOOKING FORWARD,NO PHONE,ALERT
15-07-2026,21:24:56,0.275,0.075,LOOKING FORWARD,NO PHONE,ALERT
15-07-2026,21:24:56,0.275,0.075,LOOKING FORWARD,NO PHONE,ALERT
15-07-2026,21:24:56,0.269,0.050,LOOKING FORWARD,NO PHONE,ALERT
15-07-2026,21:24:56,0.281,0.075,LOOKING FORWARD,NO PHONE,ALERT
15-07-2026,21:24:57,0.262,0.075,LOOKING FORWARD,NO PHONE,ALERT
15-07-2026,21:24:57,0.265,0.075,LOOKING FORWARD,NO PHONE,ALERT
15-07-2026,21:24:57,0.257,0.050,LOOKING FORWARD,NO PHONE,ALERT
15-07-2026,21:24:57,0.262,0.049,LOOKING FORWARD,NO PHONE,ALERT
15-07-2026,21:24:57,0.269,0.075,LOOKING FORWARD,NO PHONE,ALERT
15-07-2026,21:24:57,0.260,0.077,LOOKING FORWARD,NO PHONE,ALERT
15-07-2026,21:24:57,0.259,0.075,LOOKING FORWARD,NO PHONE,ALERT
15-07-2026,21:24:57,0.247,0.075,LOOKING FORWARD,NO PHONE,ALERT
15-07-2026,21:24:57,0.255,0.050,LOOKING FORWARD,NO PHONE,ALERT
15-07-2026,21:24:57,0.251,0.075,LOOKING FORWARD,NO PHONE,ALERT
15-07-2026,21:24:57,0.264,0.024,LOOKING FORWARD,NO PHONE,ALERT
15-07-2026,21:24:57,0.251,0.075,LOOKING FORWARD,NO PHONE,ALERT
15-07-2026,21:24:57,0.223,0.025,LOOKING FORWARD,NO PHONE,ALERT
15-07-2026,21:24:57,0.243,0.050,LOOKING FORWARD,NO PHONE,ALERT
15-07-2026,21:24:57,0.228,0.050,LOOKING FORWARD,NO PHONE,ALERT
15-07-2026,21:24:58,0.223,0.051,LOOKING FORWARD,NO PHONE,ALERT
15-07-2026,21:24:58,0.211,0.050,LOOKING FORWARD,NO PHONE,ALERT
15-07-2026,21:24:58,0.216,0.025,LOOKING FORWARD,NO PHONE,ALERT
15-07-2026,21:24:58,0.198,0.025,LOOKING FORWARD,NO PHONE,ALERT
15-07-2026,21:24:58,0.201,0.050,LOOKING FORWARD,NO PHONE,ALERT
15-07-2026,21:24:58,0.194,0.026,LOOKING FORWARD,NO PHONE,ALERT
15-07-2026,21:24:58,0.205,0.025,LOOKING FORWARD,NO PHONE,ALERT
15-07-2026,21:24:58,0.198,0.051,LOOKING FORWARD,NO PHONE,ALERT
15-07-2026,21:24:58,0.177,0.025,LOOKING FORWARD,NO PHONE,ALERT
15-07-2026,21:24:58,0.194,0.050,LOOKING FORWARD,NO PHONE,ALERT
15-07-2026,21:24:58,0.223,0.055,LOOKING FORWARD,NO PHONE,ALERT
15-07-2026,21:24:58,0.228,0.035,LOOKING FORWARD,NO PHONE,ALERT
15-07-2026,21:24:58,0.226,0.054,LOOKING FORWARD,NO PHONE,ALERT
15-07-2026,21:24:58,0.223,0.050,LOOKING FORWARD,NO PHONE,ALERT
15-07-2026,21:24:58,0.223,0.056,LOOKING FORWARD,NO PHONE,ALERT
15-07-2026,21:24:58,0.233,0.050,LOOKING FORWARD,NO PHONE,ALERT
15-07-2026,21:24:59,0.226,0.050,LOOKING FORWARD,NO PHONE,ALERT
15-07-2026,21:24:59,0.233,0.025,LOOKING FORWARD,NO PHONE,ALERT
15-07-2026,21:24:59,0.224,0.025,LOOKING FORWARD,NO PHONE,ALERT
15-07-2026,21:24:59,0.237,0.026,LOOKING FORWARD,NO PHONE,ALERT
15-07-2026,21:24:59,0.238,0.025,LOOKING FORWARD,NO PHONE,ALERT
15-07-2026,21:24:59,0.201,0.025,LOOKING FORWARD,NO PHONE,ALERT
15-07-2026,21:24:59,0.116,0.025,LOOKING FORWARD,NO PHONE,ALERT
15-07-2026,21:24:59,0.105,0.025,LOOKING FORWARD,NO PHONE,ALERT
15-07-2026,21:24:59,0.230,0.049,LOOKING FORWARD,NO PHONE,ALERT
15-07-2026,21:24:59,0.241,0.024,LOOKING FORWARD,NO PHONE,ALERT
15-07-2026,21:24:59,0.248,0.024,LOOKING FORWARD,NO PHONE,ALERT
15-07-2026,21:24:59,0.236,0.024,LOOKING FORWARD,NO PHONE,ALERT
15-07-2026,21:24:59,0.248,0.050,LOOKING FORWARD,NO PHONE,ALERT
15-07-2026,21:24:59,0.246,0.048,LOOKING FORWARD,NO PHONE,ALERT
15-07-2026,21:24:59,0.245,0.024,LOOKING FORWARD,NO PHONE,ALERT
15-07-2026,21:24:59,0.240,0.024,LOOKING FORWARD,NO PHONE,ALERT
15-07-2026,21:25:00,0.237,0.024,LOOKING FORWARD,PHONE DETECTED,ALERT
15-07-2026,21:25:00,0.242,0.034,LOOKING FORWARD,PHONE DETECTED,ALERT
15-07-2026,21:25:00,0.260,0.024,LOOKING FORWARD,PHONE DETECTED,ALERT
15-07-2026,21:25:00,0.242,0.054,LOOKING FORWARD,PHONE DETECTED,ALERT
15-07-2026,21:25:00,0.263,0.000,LOOKING FORWARD,NO PHONE,ALERT
15-07-2026,21:25:00,0.228,0.000,LOOKING FORWARD,NO PHONE,ALERT
15-07-2026,21:25:00,0.246,0.050,LOOKING FORWARD,NO PHONE,ALERT
15-07-2026,21:25:00,0.265,0.051,LOOKING FORWARD,NO PHONE,ALERT
15-07-2026,21:25:00,0.270,0.025,LOOKING FORWARD,NO PHONE,ALERT
15-07-2026,21:25:00,0.261,0.050,LOOKING FORWARD,PHONE DETECTED,ALERT
15-07-2026,21:25:00,0.270,0.000,LOOKING FORWARD,PHONE DETECTED,ALERT
15-07-2026,21:25:00,0.270,0.000,LOOKING FORWARD,PHONE DETECTED,ALERT
15-07-2026,21:25:00,0.260,0.050,LOOKING FORWARD,PHONE DETECTED,ALERT
15-07-2026,21:25:00,0.263,0.026,LOOKING FORWARD,PHONE DETECTED,ALERT
15-07-2026,21:25:01,0.272,0.025,LOOKING FORWARD,PHONE DETECTED,ALERT
15-07-2026,21:25:01,0.265,0.025,LOOKING FORWARD,PHONE DETECTED,ALERT
15-07-2026,21:25:01,0.264,0.025,LOOKING FORWARD,PHONE DETECTED,ALERT
15-07-2026,21:25:01,0.272,0.025,LOOKING FORWARD,PHONE DETECTED,ALERT
15-07-2026,21:25:01,0.262,0.025,LOOKING FORWARD,PHONE DETECTED,ALERT
15-07-2026,21:25:01,0.270,0.000,LOOKING FORWARD,PHONE DETECTED,ALERT
15-07-2026,21:25:01,0.258,0.026,LOOKING FORWARD,PHONE DETECTED,ALERT
15-07-2026,21:25:01,0.270,0.057,LOOKING FORWARD,PHONE DETECTED,ALERT
15-07-2026,21:25:01,0.270,0.025,LOOKING FORWARD,PHONE DETECTED,ALERT
15-07-2026,21:25:01,0.270,0.000,LOOKING FORWARD,PHONE DETECTED,ALERT
15-07-2026,21:25:01,0.270,0.025,LOOKING FORWARD,PHONE DETECTED,ALERT
15-07-2026,21:25:01,0.270,0.000,LOOKING FORWARD,PHONE DETECTED,ALERT
15-07-2026,21:25:01,0.265,0.000,LOOKING FORWARD,PHONE DETECTED,ALERT
15-07-2026,21:25:02,0.267,0.000,LOOKING FORWARD,PHONE DETECTED,ALERT
15-07-2026,21:25:02,0.260,0.000,LOOKING FORWARD,PHONE DETECTED,ALERT
15-07-2026,21:25:02,0.260,0.000,LOOKING FORWARD,PHONE DETECTED,ALERT
15-07-2026,21:25:02,0.267,0.025,LOOKING FORWARD,PHONE DETECTED,ALERT
15-07-2026,21:25:02,0.275,0.050,LOOKING FORWARD,NO PHONE,ALERT
15-07-2026,21:25:02,0.261,0.025,LOOKING FORWARD,NO PHONE,ALERT
15-07-2026,21:25:02,0.275,0.049,LOOKING FORWARD,NO PHONE,ALERT
15-07-2026,21:25:02,0.263,0.051,LOOKING FORWARD,NO PHONE,ALERT
15-07-2026,21:25:02,0.262,0.051,LOOKING FORWARD,NO PHONE,ALERT
15-07-2026,21:25:02,0.277,0.024,LOOKING FORWARD,NO PHONE,ALERT
15-07-2026,21:25:02,0.229,0.051,LOOKING FORWARD,NO PHONE,ALERT
15-07-2026,21:25:02,0.232,0.053,LOOKING FORWARD,NO PHONE,ALERT
15-07-2026,21:25:02,0.249,0.000,LOOKING FORWARD,NO PHONE,ALERT
15-07-2026,21:25:02,0.251,0.059,LOOKING FORWARD,NO PHONE,ALERT
15-07-2026,21:25:02,0.216,0.026,LOOKING LEFT,NO PHONE,DISTRACTED
15-07-2026,21:25:03,0.207,0.026,LOOKING LEFT,NO PHONE,DISTRACTED
15-07-2026,21:25:03,0.207,0.026,LOOKING LEFT,NO PHONE,DISTRACTED
15-07-2026,21:25:03,0.204,0.000,LOOKING LEFT,NO PHONE,DISTRACTED
15-07-2026,21:25:03,0.212,0.000,LOOKING LEFT,NO PHONE,DISTRACTED
15-07-2026,21:25:03,0.217,0.000,LOOKING LEFT,NO PHONE,DISTRACTED
15-07-2026,21:25:03,0.225,0.000,LOOKING LEFT,NO PHONE,DISTRACTED
15-07-2026,21:25:03,0.232,0.000,LOOKING LEFT,NO PHONE,DISTRACTED
15-07-2026,21:25:03,0.232,0.000,LOOKING LEFT,NO PHONE,DISTRACTED
15-07-2026,21:25:03,0.223,0.026,LOOKING LEFT,PHONE CALL (RIGHT),DISTRACTED
15-07-2026,21:25:03,0.223,0.000,LOOKING LEFT,PHONE CALL (RIGHT),DISTRACTED
15-07-2026,21:25:03,0.235,0.000,LOOKING LEFT,PHONE CALL (RIGHT),DISTRACTED
15-07-2026,21:25:03,0.228,0.000,LOOKING LEFT,PHONE CALL (RIGHT),DISTRACTED
15-07-2026,21:25:03,0.224,0.026,LOOKING LEFT,PHONE CALL (RIGHT),DISTRACTED
15-07-2026,21:25:04,0.209,0.037,LOOKING LEFT,NO PHONE,DISTRACTED
15-07-2026,21:25:04,0.223,0.000,LOOKING LEFT,NO PHONE,DISTRACTED
15-07-2026,21:25:04,0.232,0.000,LOOKING LEFT,NO PHONE,DISTRACTED
15-07-2026,21:25:04,0.215,0.026,LOOKING LEFT,NO PHONE,DISTRACTED
15-07-2026,21:25:04,0.232,0.027,LOOKING LEFT,NO PHONE,DISTRACTED
15-07-2026,21:25:04,0.236,0.027,LOOKING LEFT,NO PHONE,DISTRACTED
15-07-2026,21:25:04,0.236,0.026,LOOKING LEFT,NO PHONE,DISTRACTED
15-07-2026,21:25:04,0.227,0.000,LOOKING LEFT,NO PHONE,DISTRACTED
15-07-2026,21:25:04,0.236,0.037,LOOKING LEFT,NO PHONE,DISTRACTED
15-07-2026,21:25:04,0.241,0.037,LOOKING LEFT,NO PHONE,DISTRACTED
15-07-2026,21:25:04,0.241,0.026,LOOKING LEFT,NO PHONE,DISTRACTED
15-07-2026,21:25:04,0.210,0.000,LOOKING LEFT,NO PHONE,DISTRACTED
15-07-2026,21:25:04,0.219,0.000,LOOKING LEFT,NO PHONE,DISTRACTED
15-07-2026,21:25:04,0.218,0.000,LOOKING LEFT,NO PHONE,DISTRACTED
15-07-2026,21:25:04,0.228,0.000,LOOKING LEFT,NO PHONE,DISTRACTED
15-07-2026,21:25:04,0.229,0.000,LOOKING LEFT,NO PHONE,DISTRACTED
15-07-2026,21:25:04,0.231,0.026,LOOKING LEFT,NO PHONE,DISTRACTED
15-07-2026,21:25:05,0.227,0.000,LOOKING FORWARD,PHONE CALL (RIGHT),DISTRACTED
15-07-2026,21:25:05,0.203,0.000,LOOKING FORWARD,PHONE CALL (RIGHT),DISTRACTED
15-07-2026,21:25:05,0.210,0.000,LOOKING FORWARD,PHONE CALL (RIGHT),DISTRACTED
15-07-2026,21:25:05,0.233,0.000,LOOKING FORWARD,PHONE CALL (RIGHT),DISTRACTED
15-07-2026,21:25:05,0.238,0.000,LOOKING FORWARD,PHONE CALL (RIGHT),DISTRACTED
15-07-2026,21:25:05,0.243,0.000,LOOKING FORWARD,PHONE CALL (RIGHT),DISTRACTED
15-07-2026,21:25:05,0.224,0.024,LOOKING FORWARD,PHONE CALL (RIGHT),DISTRACTED
15-07-2026,21:25:05,0.229,0.000,LOOKING FORWARD,PHONE CALL (RIGHT),DISTRACTED
15-07-2026,21:25:05,0.267,0.000,LOOKING FORWARD,PHONE CALL (RIGHT),DISTRACTED
15-07-2026,21:25:05,0.266,0.000,LOOKING FORWARD,PHONE CALL (RIGHT),DISTRACTED
15-07-2026,21:25:05,0.256,0.024,LOOKING FORWARD,PHONE CALL (RIGHT),DISTRACTED
15-07-2026,21:25:06,0.256,0.024,LOOKING FORWARD,PHONE CALL (RIGHT),DISTRACTED
15-07-2026,21:25:06,0.241,0.000,LOOKING FORWARD,PHONE CALL (RIGHT),DISTRACTED
15-07-2026,21:25:06,0.236,0.000,LOOKING FORWARD,PHONE CALL (RIGHT),DISTRACTED
15-07-2026,21:25:06,0.266,0.000,LOOKING FORWARD,PHONE CALL (RIGHT),DISTRACTED
15-07-2026,21:25:06,0.266,0.000,LOOKING FORWARD,PHONE CALL (RIGHT),DISTRACTED
15-07-2026,21:25:06,0.266,0.000,LOOKING FORWARD,PHONE CALL (RIGHT),DISTRACTED
15-07-2026,21:25:06,0.264,0.000,LOOKING FORWARD,PHONE CALL (RIGHT),DISTRACTED
15-07-2026,21:25:06,0.266,0.000,LOOKING FORWARD,PHONE CALL (RIGHT),DISTRACTED
15-07-2026,21:25:06,0.259,0.034,LOOKING FORWARD,PHONE CALL (RIGHT),DISTRACTED
15-07-2026,21:25:06,0.259,0.034,LOOKING FORWARD,PHONE CALL (RIGHT),DISTRACTED
15-07-2026,21:25:06,0.262,0.024,LOOKING FORWARD,PHONE CALL (RIGHT),DISTRACTED
15-07-2026,21:25:07,0.281,0.034,LOOKING FORWARD,PHONE CALL (RIGHT),DISTRACTED
15-07-2026,21:25:07,0.291,0.000,LOOKING FORWARD,PHONE CALL (RIGHT),DISTRACTED
15-07-2026,21:25:07,0.269,0.000,LOOKING FORWARD,PHONE CALL (RIGHT),DISTRACTED
15-07-2026,21:25:07,0.245,0.024,LOOKING FORWARD,PHONE CALL (RIGHT),DISTRACTED
15-07-2026,21:25:07,0.236,0.000,LOOKING FORWARD,PHONE CALL (RIGHT),DISTRACTED
15-07-2026,21:25:07,0.243,0.000,LOOKING FORWARD,PHONE CALL (RIGHT),DISTRACTED
15-07-2026,21:25:07,0.249,0.023,LOOKING FORWARD,PHONE CALL (RIGHT),DISTRACTED
15-07-2026,21:25:07,0.244,0.000,LOOKING FORWARD,PHONE CALL (RIGHT),DISTRACTED
15-07-2026,21:25:07,0.252,0.000,LOOKING FORWARD,PHONE CALL (RIGHT),DISTRACTED
15-07-2026,21:25:07,0.248,0.000,LOOKING FORWARD,PHONE CALL (RIGHT),DISTRACTED
15-07-2026,21:25:07,0.231,0.000,LOOKING FORWARD,NO PHONE,ALERT
15-07-2026,21:25:07,0.264,0.000,LOOKING FORWARD,NO PHONE,ALERT
15-07-2026,21:25:08,0.244,0.024,LOOKING FORWARD,NO PHONE,ALERT
15-07-2026,21:25:08,0.244,0.025,LOOKING FORWARD,NO PHONE,ALERT
15-07-2026,21:25:08,0.250,0.000,LOOKING FORWARD,NO PHONE,ALERT
15-07-2026,21:25:08,0.257,0.024,LOOKING FORWARD,NO PHONE,ALERT
15-07-2026,21:25:08,0.233,0.026,LOOKING FORWARD,NO PHONE,ALERT
15-07-2026,21:25:08,0.255,0.025,LOOKING FORWARD,NO PHONE,ALERT
15-07-2026,21:25:08,0.247,0.025,LOOKING FORWARD,NO PHONE,ALERT
15-07-2026,21:25:08,0.252,0.025,LOOKING FORWARD,NO PHONE,ALERT
15-07-2026,21:25:08,0.262,0.024,LOOKING FORWARD,NO PHONE,ALERT
15-07-2026,21:25:08,0.257,0.024,LOOKING FORWARD,NO PHONE,ALERT
15-07-2026,21:25:08,0.262,0.050,LOOKING FORWARD,NO PHONE,ALERT
15-07-2026,21:25:08,0.271,0.024,LOOKING FORWARD,NO PHONE,ALERT
15-07-2026,21:25:08,0.267,0.024,LOOKING FORWARD,NO PHONE,ALERT
15-07-2026,21:25:08,0.266,0.025,LOOKING FORWARD,NO PHONE,ALERT
15-07-2026,21:25:09,0.262,0.049,LOOKING FORWARD,NO PHONE,ALERT
15-07-2026,21:25:09,0.254,0.049,LOOKING FORWARD,NO PHONE,ALERT
15-07-2026,21:25:09,0.267,0.049,LOOKING FORWARD,NO PHONE,ALERT
15-07-2026,21:25:09,0.266,0.024,LOOKING FORWARD,NO PHONE,ALERT
15-07-2026,21:25:09,0.264,0.077,LOOKING FORWARD,NO PHONE,ALERT
15-07-2026,21:25:09,0.267,0.054,LOOKING FORWARD,NO PHONE,ALERT
15-07-2026,21:25:09,0.262,0.077,LOOKING FORWARD,NO PHONE,ALERT
15-07-2026,21:25:09,0.273,0.073,LOOKING FORWARD,NO PHONE,ALERT
15-07-2026,21:25:09,0.267,0.056,LOOKING FORWARD,NO PHONE,ALERT
15-07-2026,21:25:09,0.270,0.077,LOOKING FORWARD,NO PHONE,ALERT
15-07-2026,21:25:09,0.273,0.047,LOOKING FORWARD,NO PHONE,ALERT
15-07-2026,21:25:09,0.273,0.023,LOOKING FORWARD,NO PHONE,ALERT
15-07-2026,21:25:09,0.294,0.024,LOOKING FORWARD,NO PHONE,ALERT
15-07-2026,21:25:09,0.285,0.049,LOOKING FORWARD,NO PHONE,ALERT
15-07-2026,21:25:09,0.277,0.049,LOOKING FORWARD,NO PHONE,ALERT
15-07-2026,21:25:09,0.272,0.049,LOOKING FORWARD,NO PHONE,ALERT
15-07-2026,21:25:10,0.272,0.024,LOOKING FORWARD,NO PHONE,ALERT
15-07-2026,21:25:10,0.272,0.049,LOOKING FORWARD,NO PHONE,ALERT
15-07-2026,21:25:10,0.255,0.024,LOOKING FORWARD,NO PHONE,ALERT
15-07-2026,21:25:10,0.255,0.024,LOOKING FORWARD,NO PHONE,ALERT
15-07-2026,21:25:10,0.290,0.047,LOOKING FORWARD,NO PHONE,ALERT
15-07-2026,21:25:10,0.253,0.053,LOOKING FORWARD,NO PHONE,ALERT
15-07-2026,21:25:10,0.273,0.034,LOOKING FORWARD,NO PHONE,ALERT
15-07-2026,21:25:10,0.254,0.025,LOOKING FORWARD,NO PHONE,ALERT
15-07-2026,21:25:10,0.271,0.047,LOOKING FORWARD,NO PHONE,ALERT
15-07-2026,21:25:10,0.267,0.024,LOOKING FORWARD,NO PHONE,ALERT
15-07-2026,21:25:10,0.268,0.034,LOOKING FORWARD,NO PHONE,ALERT
15-07-2026,21:37:54,0.209,0.000,LOOKING FORWARD,NO PHONE,ALERT
15-07-2026,21:37:54,0.266,0.000,LOOKING FORWARD,NO PHONE,ALERT
15-07-2026,21:37:54,0.259,0.035,LOOKING FORWARD,NO PHONE,ALERT
15-07-2026,21:37:54,0.257,0.000,LOOKING FORWARD,NO PHONE,ALERT
15-07-2026,21:37:54,0.275,0.000,LOOKING FORWARD,NO PHONE,ALERT
15-07-2026,21:37:54,0.274,0.000,LOOKING FORWARD,NO PHONE,ALERT
15-07-2026,21:37:55,0.263,0.000,LOOKING FORWARD,NO PHONE,ALERT
15-07-2026,21:37:55,0.264,0.000,LOOKING FORWARD,NO PHONE,ALERT
15-07-2026,21:37:55,0.271,0.025,LOOKING FORWARD,NO PHONE,ALERT
15-07-2026,21:37:55,0.280,0.035,LOOKING FORWARD,NO PHONE,ALERT
15-07-2026,21:37:55,0.261,0.000,LOOKING FORWARD,NO PHONE,ALERT
15-07-2026,21:37:55,0.277,0.000,LOOKING FORWARD,NO PHONE,ALERT
15-07-2026,21:37:55,0.278,0.034,LOOKING FORWARD,NO PHONE,ALERT
15-07-2026,21:37:55,0.278,0.034,LOOKING FORWARD,NO PHONE,ALERT
15-07-2026,21:37:55,0.281,0.034,LOOKING FORWARD,NO PHONE,ALERT
15-07-2026,21:37:55,0.281,0.025,LOOKING FORWARD,NO PHONE,ALERT
15-07-2026,21:37:55,0.269,0.000,LOOKING FORWARD,NO PHONE,ALERT
15-07-2026,21:37:56,0.257,0.000,LOOKING FORWARD,NO PHONE,ALERT
15-07-2026,21:37:56,0.267,0.024,LOOKING FORWARD,NO PHONE,ALERT
15-07-2026,21:37:56,0.246,0.025,LOOKING FORWARD,NO PHONE,ALERT
15-07-2026,21:37:56,0.263,0.025,LOOKING FORWARD,NO PHONE,ALERT
15-07-2026,21:37:56,0.296,0.000,LOOKING FORWARD,NO PHONE,ALERT
15-07-2026,21:37:56,0.266,0.000,LOOKING FORWARD,NO PHONE,ALERT
15-07-2026,21:37:56,0.302,0.052,LOOKING FORWARD,NO PHONE,ALERT
15-07-2026,21:37:56,0.306,0.025,LOOKING FORWARD,NO PHONE,ALERT
15-07-2026,21:37:56,0.272,0.000,LOOKING LEFT,NO PHONE,DISTRACTED
15-07-2026,21:37:56,0.257,0.000,LOOKING FORWARD,NO PHONE,ALERT
15-07-2026,21:37:56,0.282,0.025,LOOKING FORWARD,NO PHONE,ALERT
15-07-2026,21:37:57,0.283,0.026,LOOKING FORWARD,NO PHONE,ALERT
15-07-2026,21:37:57,0.295,0.026,LOOKING FORWARD,NO PHONE,ALERT
15-07-2026,21:37:57,0.272,0.000,LOOKING FORWARD,NO PHONE,ALERT
15-07-2026,21:37:57,0.282,0.000,LOOKING FORWARD,NO PHONE,ALERT
15-07-2026,21:37:57,0.267,0.000,LOOKING FORWARD,NO PHONE,ALERT
15-07-2026,21:37:57,0.279,0.050,LOOKING FORWARD,NO PHONE,ALERT
15-07-2026,21:37:57,0.269,0.026,LOOKING FORWARD,NO PHONE,ALERT
15-07-2026,21:37:57,0.265,0.000,LOOKING FORWARD,NO PHONE,ALERT
15-07-2026,21:37:57,0.264,0.000,LOOKING FORWARD,NO PHONE,ALERT
15-07-2026,21:37:57,0.269,0.000,LOOKING FORWARD,NO PHONE,ALERT
15-07-2026,21:37:58,0.279,0.000,LOOKING FORWARD,NO PHONE,ALERT
15-07-2026,21:37:58,0.286,0.000,LOOKING FORWARD,NO PHONE,ALERT
15-07-2026,21:37:58,0.277,0.000,LOOKING FORWARD,NO PHONE,ALERT
15-07-2026,21:37:58,0.268,0.000,LOOKING FORWARD,NO PHONE,ALERT
15-07-2026,21:37:58,0.268,0.000,LOOKING FORWARD,NO PHONE,ALERT
15-07-2026,21:37:58,0.268,0.000,LOOKING FORWARD,NO PHONE,ALERT
15-07-2026,21:37:58,0.260,0.000,LOOKING FORWARD,NO PHONE,ALERT
15-07-2026,21:37:58,0.283,0.000,LOOKING FORWARD,NO PHONE,ALERT
15-07-2026,21:37:58,0.270,0.026,LOOKING FORWARD,NO PHONE,ALERT
15-07-2026,21:37:58,0.270,0.026,LOOKING FORWARD,NO PHONE,ALERT
15-07-2026,21:37:58,0.304,0.000,LOOKING LEFT,NO PHONE,DISTRACTED
15-07-2026,21:37:59,0.267,0.000,LOOKING LEFT,NO PHONE,DISTRACTED
15-07-2026,21:37:59,0.311,0.000,LOOKING LEFT,NO PHONE,DISTRACTED
15-07-2026,21:37:59,0.312,0.031,LOOKING LEFT,NO PHONE,DISTRACTED
15-07-2026,21:37:59,0.326,0.031,LOOKING LEFT,NO PHONE,DISTRACTED
15-07-2026,21:37:59,0.316,0.000,LOOKING LEFT,NO PHONE,DISTRACTED
15-07-2026,21:37:59,0.322,0.000,LOOKING LEFT,NO PHONE,DISTRACTED
15-07-2026,21:37:59,0.325,0.000,LOOKING LEFT,NO PHONE,DISTRACTED
15-07-2026,21:37:59,0.352,0.000,LOOKING LEFT,NO PHONE,DISTRACTED
15-07-2026,21:37:59,0.338,0.032,LOOKING LEFT,NO PHONE,DISTRACTED
15-07-2026,21:37:59,0.337,0.000,LOOKING LEFT,NO PHONE,DISTRACTED
15-07-2026,21:37:59,0.323,0.000,LOOKING LEFT,NO PHONE,DISTRACTED
15-07-2026,21:38:00,0.290,0.000,LOOKING LEFT,NO PHONE,DISTRACTED
15-07-2026,21:38:00,0.303,0.000,LOOKING LEFT,NO PHONE,DISTRACTED
15-07-2026,21:38:00,0.302,0.000,LOOKING LEFT,NO PHONE,DISTRACTED
15-07-2026,21:38:00,0.298,0.032,LOOKING LEFT,NO PHONE,DISTRACTED
15-07-2026,21:38:00,0.323,0.000,LOOKING LEFT,NO PHONE,DISTRACTED
15-07-2026,21:38:00,0.317,0.000,LOOKING LEFT,NO PHONE,DISTRACTED
15-07-2026,21:38:00,0.323,0.000,LOOKING LEFT,NO PHONE,DISTRACTED
15-07-2026,21:38:00,0.326,0.000,LOOKING LEFT,NO PHONE,DISTRACTED
15-07-2026,21:38:00,0.294,0.000,LOOKING LEFT,NO PHONE,DISTRACTED
15-07-2026,21:38:01,0.231,0.000,LOOKING LEFT,NO PHONE,DISTRACTED
15-07-2026,21:38:01,0.251,0.000,LOOKING LEFT,NO PHONE,DISTRACTED
15-07-2026,21:38:01,0.246,0.026,LOOKING FORWARD,NO PHONE,ALERT
15-07-2026,21:38:01,0.269,0.027,LOOKING RIGHT,NO PHONE,DISTRACTED
15-07-2026,21:38:01,0.313,0.026,LOOKING RIGHT,NO PHONE,DISTRACTED
15-07-2026,21:38:01,0.269,0.026,LOOKING RIGHT,NO PHONE,DISTRACTED
15-07-2026,21:38:01,0.333,0.028,LOOKING RIGHT,NO PHONE,DISTRACTED
15-07-2026,21:38:01,0.354,0.057,LOOKING RIGHT,NO PHONE,DISTRACTED
15-07-2026,21:38:01,0.347,0.028,LOOKING RIGHT,NO PHONE,DISTRACTED
15-07-2026,21:38:01,0.357,0.028,LOOKING RIGHT,NO PHONE,DISTRACTED
15-07-2026,21:38:01,0.362,0.028,LOOKING RIGHT,NO PHONE,DISTRACTED
15-07-2026,21:38:01,0.339,0.000,LOOKING RIGHT,NO PHONE,DISTRACTED
15-07-2026,21:38:01,0.344,0.000,LOOKING RIGHT,NO PHONE,DISTRACTED
15-07-2026,21:38:02,0.305,0.000,LOOKING RIGHT,NO PHONE,DISTRACTED
15-07-2026,21:38:02,0.312,0.000,LOOKING RIGHT,NO PHONE,DISTRACTED
15-07-2026,21:38:02,0.320,0.000,LOOKING RIGHT,NO PHONE,DISTRACTED
15-07-2026,21:38:02,0.343,0.000,LOOKING RIGHT,NO PHONE,DISTRACTED
15-07-2026,21:38:02,0.340,0.000,LOOKING RIGHT,NO PHONE,DISTRACTED
15-07-2026,21:38:02,0.330,0.000,LOOKING RIGHT,NO PHONE,DISTRACTED
15-07-2026,21:38:02,0.316,0.027,LOOKING RIGHT,NO PHONE,DISTRACTED
15-07-2026,21:38:02,0.284,0.000,LOOKING RIGHT,NO PHONE,DISTRACTED
15-07-2026,21:38:02,0.291,0.000,LOOKING RIGHT,NO PHONE,DISTRACTED
15-07-2026,21:38:02,0.294,0.026,LOOKING RIGHT,NO PHONE,DISTRACTED
15-07-2026,21:38:02,0.296,0.000,LOOKING RIGHT,NO PHONE,DISTRACTED
15-07-2026,21:38:02,0.280,0.025,LOOKING RIGHT,NO PHONE,DISTRACTED
15-07-2026,21:38:03,0.269,0.077,LOOKING RIGHT,NO PHONE,DISTRACTED
15-07-2026,21:38:03,0.283,0.000,LOOKING RIGHT,NO PHONE,DISTRACTED
15-07-2026,21:38:03,0.268,0.214,LOOKING FORWARD,NO PHONE,ALERT
15-07-2026,21:38:03,0.220,0.266,LOOKING UP,NO PHONE,DISTRACTED
15-07-2026,21:38:03,0.214,0.312,LOOKING UP,NO PHONE,DISTRACTED
15-07-2026,21:38:03,0.210,0.024,LOOKING UP,NO PHONE,DISTRACTED
15-07-2026,21:38:03,0.210,0.256,LOOKING UP,NO PHONE,DISTRACTED
15-07-2026,21:38:03,0.220,0.286,LOOKING UP,NO PHONE,DISTRACTED
15-07-2026,21:38:03,0.178,0.372,LOOKING UP,NO PHONE,DISTRACTED
15-07-2026,21:38:04,0.199,0.024,LOOKING UP,NO PHONE,DISTRACTED
15-07-2026,21:38:04,0.180,0.024,LOOKING UP,NO PHONE,DISTRACTED
15-07-2026,21:38:04,0.200,0.025,LOOKING UP,NO PHONE,DISTRACTED
15-07-2026,21:38:04,0.209,0.024,LOOKING UP,NO PHONE,DISTRACTED
15-07-2026,21:38:04,0.204,0.100,LOOKING UP,NO PHONE,DISTRACTED
15-07-2026,21:38:04,0.180,0.097,LOOKING UP,NO PHONE,DISTRACTED
15-07-2026,21:38:04,0.210,0.000,LOOKING UP,NO PHONE,DISTRACTED
15-07-2026,21:38:04,0.197,0.000,LOOKING UP,NO PHONE,DISTRACTED
15-07-2026,21:38:04,0.222,0.024,LOOKING UP,NO PHONE,DISTRACTED
15-07-2026,21:38:04,0.213,0.024,LOOKING UP,NO PHONE,DISTRACTED
15-07-2026,21:38:05,0.215,0.000,LOOKING UP,NO PHONE,DISTRACTED
15-07-2026,21:38:05,0.209,0.024,LOOKING UP,NO PHONE,DISTRACTED
15-07-2026,21:38:05,0.219,0.025,LOOKING UP,NO PHONE,DISTRACTED
15-07-2026,21:38:05,0.221,0.025,LOOKING UP,NO PHONE,DISTRACTED
15-07-2026,21:38:05,0.269,0.026,LOOKING UP,NO PHONE,DISTRACTED
15-07-2026,21:38:05,0.256,0.026,LOOKING UP,NO PHONE,DISTRACTED
15-07-2026,21:38:05,0.240,0.075,LOOKING FORWARD,NO PHONE,ALERT
15-07-2026,21:38:05,0.236,0.026,LOOKING FORWARD,NO PHONE,ALERT
15-07-2026,21:38:05,0.244,0.029,LOOKING FORWARD,NO PHONE,ALERT
15-07-2026,21:38:05,0.242,0.043,LOOKING DOWN,NO PHONE,DISTRACTED
15-07-2026,21:38:06,0.232,0.062,LOOKING FORWARD,NO PHONE,ALERT
15-07-2026,21:38:06,0.210,0.225,LOOKING FORWARD,NO PHONE,ALERT
15-07-2026,21:38:06,0.189,0.025,LOOKING FORWARD,NO PHONE,ALERT
15-07-2026,21:38:06,0.212,0.049,LOOKING FORWARD,NO PHONE,ALERT
15-07-2026,21:38:06,0.171,0.073,LOOKING DOWN,NO PHONE,DISTRACTED
15-07-2026,21:38:06,0.175,0.051,LOOKING DOWN,NO PHONE,DISTRACTED
15-07-2026,21:38:06,0.206,0.102,LOOKING DOWN,NO PHONE,DISTRACTED
15-07-2026,21:38:06,0.216,0.105,LOOKING DOWN,NO PHONE,DISTRACTED
15-07-2026,21:38:06,0.202,0.105,LOOKING DOWN,NO PHONE,DISTRACTED
15-07-2026,21:38:06,0.202,0.108,LOOKING DOWN,NO PHONE,DISTRACTED
15-07-2026,21:38:06,0.205,0.051,LOOKING DOWN,NO PHONE,DISTRACTED
15-07-2026,21:38:06,0.211,0.130,LOOKING FORWARD,NO PHONE,ALERT
15-07-2026,21:38:07,0.199,0.105,LOOKING FORWARD,NO PHONE,ALERT
15-07-2026,21:38:07,0.205,0.102,LOOKING FORWARD,NO PHONE,ALERT
15-07-2026,21:38:07,0.216,0.102,LOOKING FORWARD,NO PHONE,ALERT
15-07-2026,21:38:07,0.206,0.156,LOOKING FORWARD,NO PHONE,ALERT
15-07-2026,21:38:07,0.212,0.181,LOOKING FORWARD,NO PHONE,ALERT
15-07-2026,21:38:07,0.212,0.130,LOOKING FORWARD,NO PHONE,ALERT
15-07-2026,21:38:07,0.205,0.158,LOOKING FORWARD,NO PHONE,ALERT
15-07-2026,21:38:07,0.189,0.024,LOOKING FORWARD,NO PHONE,ALERT
15-07-2026,21:38:07,0.225,0.242,LOOKING FORWARD,NO PHONE,ALERT
15-07-2026,21:38:07,0.220,0.220,LOOKING FORWARD,NO PHONE,ALERT
15-07-2026,21:38:07,0.198,0.176,LOOKING FORWARD,NO PHONE,ALERT
15-07-2026,21:38:07,0.260,0.000,LOOKING FORWARD,NO PHONE,ALERT
15-07-2026,21:38:08,0.250,0.049,LOOKING FORWARD,NO PHONE,ALERT
15-07-2026,21:38:08,0.254,0.000,LOOKING FORWARD,NO PHONE,ALERT
15-07-2026,21:38:08,0.259,0.024,LOOKING FORWARD,NO PHONE,ALERT
15-07-2026,21:38:08,0.269,0.024,LOOKING FORWARD,NO PHONE,ALERT
15-07-2026,21:38:08,0.266,0.024,LOOKING FORWARD,NO PHONE,ALERT
15-07-2026,21:38:08,0.268,0.000,LOOKING FORWARD,NO PHONE,ALERT
15-07-2026,21:38:08,0.257,0.000,LOOKING FORWARD,NO PHONE,ALERT
15-07-2026,21:38:08,0.264,0.000,LOOKING FORWARD,NO PHONE,ALERT
15-07-2026,21:38:08,0.259,0.190,LOOKING FORWARD,NO PHONE,ALERT
15-07-2026,21:38:08,0.282,0.190,LOOKING FORWARD,NO PHONE,ALERT
15-07-2026,21:38:08,0.185,0.190,LOOKING FORWARD,NO PHONE,ALERT
15-07-2026,21:38:08,0.192,0.121,LOOKING FORWARD,NO PHONE,ALERT
15-07-2026,21:38:08,0.216,0.074,LOOKING FORWARD,NO PHONE,ALERT
15-07-2026,21:38:09,0.202,0.000,LOOKING FORWARD,NO PHONE,ALERT
15-07-2026,21:38:09,0.198,0.000,LOOKING FORWARD,NO PHONE,ALERT
15-07-2026,21:38:09,0.197,0.024,LOOKING FORWARD,NO PHONE,ALERT
15-07-2026,21:38:09,0.212,0.000,LOOKING FORWARD,NO PHONE,ALERT
15-07-2026,21:38:09,0.206,0.000,LOOKING FORWARD,NO PHONE,ALERT
15-07-2026,21:38:09,0.217,0.000,LOOKING FORWARD,NO PHONE,ALERT
15-07-2026,21:38:09,0.203,0.026,LOOKING FORWARD,NO PHONE,ALERT
15-07-2026,21:38:09,0.202,0.024,LOOKING FORWARD,NO PHONE,ALERT
15-07-2026,21:38:09,0.202,0.024,LOOKING FORWARD,NO PHONE,ALERT
15-07-2026,21:38:09,0.185,0.000,LOOKING FORWARD,NO PHONE,ALERT
15-07-2026,21:38:09,0.170,0.000,LOOKING FORWARD,NO PHONE,ALERT
15-07-2026,21:38:09,0.192,0.000,LOOKING FORWARD,NO PHONE,ALERT
15-07-2026,21:38:09,0.189,0.025,LOOKING FORWARD,NO PHONE,ALERT
15-07-2026,21:38:09,0.189,0.000,LOOKING FORWARD,NO PHONE,ALERT
15-07-2026,21:38:10,0.200,0.000,LOOKING FORWARD,NO PHONE,ALERT
15-07-2026,21:38:10,0.191,0.000,LOOKING FORWARD,NO PHONE,ALERT
15-07-2026,21:38:10,0.175,0.000,LOOKING FORWARD,NO PHONE,ALERT
15-07-2026,21:38:10,0.187,0.000,LOOKING FORWARD,NO PHONE,ALERT
15-07-2026,21:38:10,0.187,0.000,LOOKING FORWARD,NO PHONE,ALERT
15-07-2026,21:38:10,0.185,0.000,LOOKING FORWARD,NO PHONE,ALERT
15-07-2026,21:38:10,0.177,0.000,LOOKING FORWARD,NO PHONE,ALERT
15-07-2026,21:38:10,0.177,0.000,LOOKING FORWARD,NO PHONE,ALERT
15-07-2026,21:38:10,0.172,0.024,LOOKING FORWARD,NO PHONE,ALERT
15-07-2026,21:38:10,0.172,0.024,LOOKING FORWARD,NO PHONE,ALERT
15-07-2026,21:38:10,0.165,0.026,LOOKING FORWARD,NO PHONE,ALERT
15-07-2026,21:38:10,0.193,0.000,LOOKING FORWARD,NO PHONE,ALERT
15-07-2026,21:38:11,0.165,0.025,LOOKING FORWARD,NO PHONE,ALERT
15-07-2026,21:38:11,0.144,0.000,LOOKING FORWARD,NO PHONE,ALERT
15-07-2026,21:38:11,0.148,0.000,LOOKING FORWARD,NO PHONE,ALERT
15-07-2026,21:38:11,0.162,0.000,LOOKING FORWARD,NO PHONE,ALERT
15-07-2026,21:38:11,0.170,0.025,LOOKING FORWARD,NO PHONE,ALERT
15-07-2026,21:38:11,0.165,0.025,LOOKING FORWARD,NO PHONE,ALERT
15-07-2026,21:38:11,0.153,0.000,LOOKING FORWARD,NO PHONE,ALERT
15-07-2026,21:38:11,0.174,0.000,LOOKING FORWARD,NO PHONE,ALERT
15-07-2026,21:38:11,0.148,0.000,LOOKING FORWARD,NO PHONE,DROWSY
15-07-2026,21:38:11,0.156,0.000,LOOKING FORWARD,NO PHONE,DROWSY
15-07-2026,21:38:11,0.148,0.000,LOOKING FORWARD,NO PHONE,DROWSY
15-07-2026,21:38:11,0.141,0.000,LOOKING FORWARD,NO PHONE,DROWSY
15-07-2026,21:38:12,0.167,0.000,LOOKING FORWARD,NO PHONE,DROWSY
15-07-2026,21:38:12,0.157,0.000,LOOKING FORWARD,NO PHONE,DROWSY
15-07-2026,21:38:12,0.169,0.025,LOOKING FORWARD,NO PHONE,DROWSY
15-07-2026,21:38:12,0.141,0.000,LOOKING FORWARD,NO PHONE,DROWSY
15-07-2026,21:38:12,0.141,0.025,LOOKING FORWARD,NO PHONE,DROWSY
15-07-2026,21:38:12,0.147,0.025,LOOKING FORWARD,NO PHONE,DROWSY
15-07-2026,21:38:12,0.147,0.000,LOOKING FORWARD,NO PHONE,DROWSY
15-07-2026,21:38:12,0.174,0.000,LOOKING FORWARD,NO PHONE,DROWSY
15-07-2026,21:38:12,0.177,0.000,LOOKING FORWARD,NO PHONE,DROWSY
15-07-2026,21:38:12,0.201,0.025,LOOKING FORWARD,NO PHONE,ALERT
15-07-2026,21:38:13,0.198,0.024,LOOKING FORWARD,NO PHONE,ALERT
15-07-2026,21:38:13,0.192,0.000,LOOKING FORWARD,NO PHONE,ALERT
15-07-2026,21:38:13,0.188,0.000,LOOKING FORWARD,NO PHONE,ALERT
15-07-2026,21:38:13,0.227,0.025,LOOKING FORWARD,NO PHONE,ALERT
15-07-2026,21:38:13,0.223,0.000,LOOKING FORWARD,NO PHONE,ALERT
15-07-2026,21:38:13,0.213,0.000,LOOKING FORWARD,NO PHONE,ALERT
15-07-2026,21:38:13,0.220,0.000,LOOKING FORWARD,NO PHONE,ALERT
15-07-2026,21:38:13,0.248,0.000,LOOKING FORWARD,NO PHONE,ALERT
15-07-2026,21:38:13,0.238,0.050,LOOKING FORWARD,NO PHONE,ALERT
15-07-2026,21:38:13,0.241,0.050,LOOKING FORWARD,NO PHONE,ALERT
15-07-2026,21:38:13,0.255,0.395,LOOKING FORWARD,NO PHONE,ALERT
15-07-2026,21:38:13,0.226,0.429,LOOKING FORWARD,NO PHONE,ALERT
15-07-2026,21:38:13,0.249,0.429,LOOKING FORWARD,NO PHONE,ALERT
15-07-2026,21:38:14,0.245,0.561,LOOKING FORWARD,NO PHONE,YAWNING
15-07-2026,21:38:14,0.260,0.537,LOOKING FORWARD,NO PHONE,YAWNING
15-07-2026,21:38:14,0.271,0.548,LOOKING FORWARD,NO PHONE,YAWNING
15-07-2026,21:38:14,0.261,0.586,LOOKING FORWARD,NO PHONE,YAWNING
15-07-2026,21:38:14,0.253,0.610,LOOKING FORWARD,NO PHONE,YAWNING
15-07-2026,21:38:14,0.267,0.586,LOOKING FORWARD,NO PHONE,YAWNING
15-07-2026,21:38:14,0.266,0.513,LOOKING FORWARD,NO PHONE,YAWNING
15-07-2026,21:38:14,0.256,0.561,LOOKING FORWARD,NO PHONE,YAWNING
15-07-2026,21:38:14,0.252,0.357,LOOKING FORWARD,NO PHONE,ALERT
15-07-2026,21:38:14,0.241,0.181,LOOKING FORWARD,NO PHONE,ALERT
15-07-2026,21:38:14,0.246,0.100,LOOKING FORWARD,NO PHONE,ALERT
15-07-2026,21:38:14,0.253,0.172,LOOKING FORWARD,NO PHONE,ALERT
15-07-2026,21:38:14,0.253,0.024,LOOKING FORWARD,NO PHONE,ALERT
15-07-2026,21:38:15,0.243,0.025,LOOKING FORWARD,NO PHONE,ALERT
15-07-2026,21:38:15,0.246,0.050,LOOKING FORWARD,NO PHONE,ALERT
15-07-2026,21:38:15,0.218,0.049,LOOKING FORWARD,NO PHONE,ALERT
15-07-2026,21:38:15,0.228,0.145,LOOKING FORWARD,NO PHONE,ALERT
15-07-2026,21:38:15,0.218,0.128,LOOKING FORWARD,NO PHONE,ALERT
15-07-2026,21:38:15,0.309,0.154,LOOKING LEFT,NO PHONE,DISTRACTED
15-07-2026,21:38:15,0.308,0.184,LOOKING LEFT,NO PHONE,DISTRACTED
15-07-2026,21:38:15,0.316,0.088,LOOKING LEFT,NO PHONE,DISTRACTED
15-07-2026,21:38:15,0.346,0.184,LOOKING LEFT,NO PHONE,DISTRACTED
15-07-2026,21:38:15,0.344,0.026,LOOKING LEFT,NO PHONE,DISTRACTED
15-07-2026,21:38:15,0.158,0.026,LOOKING FORWARD,NO PHONE,ALERT
15-07-2026,21:38:15,0.011,0.114,LOOKING RIGHT,NO PHONE,DISTRACTED
15-07-2026,21:38:16,0.181,0.120,LOOKING RIGHT,NO PHONE,DISTRACTED
15-07-2026,21:38:16,0.177,0.123,LOOKING RIGHT,NO PHONE,DISTRACTED
15-07-2026,21:38:16,0.440,0.259,LOOKING RIGHT,NO PHONE,DISTRACTED
15-07-2026,21:38:16,0.366,0.164,LOOKING RIGHT,NO PHONE,DISTRACTED
15-07-2026,21:38:16,0.338,0.500,LOOKING RIGHT,NO PHONE,YAWNING
15-07-2026,21:38:16,0.396,0.423,LOOKING RIGHT,NO PHONE,DISTRACTED
15-07-2026,21:38:16,0.310,0.322,LOOKING RIGHT,NO PHONE,DISTRACTED
15-07-2026,21:38:16,0.357,0.126,LOOKING RIGHT,NO PHONE,DISTRACTED
15-07-2026,21:38:16,0.244,0.025,LOOKING RIGHT,NO PHONE,DISTRACTED
15-07-2026,21:38:16,0.252,0.125,LOOKING RIGHT,NO PHONE,DISTRACTED
15-07-2026,21:38:16,0.215,0.071,LOOKING FORWARD,NO PHONE,ALERT
15-07-2026,21:38:17,0.237,0.049,LOOKING FORWARD,NO PHONE,ALERT
15-07-2026,21:38:17,0.270,0.073,LOOKING FORWARD,NO PHONE,ALERT
15-07-2026,21:38:17,0.278,0.106,LOOKING FORWARD,NO PHONE,ALERT
15-07-2026,21:38:17,0.268,0.150,LOOKING FORWARD,NO PHONE,ALERT
15-07-2026,21:38:17,0.277,0.081,LOOKING FORWARD,NO PHONE,ALERT
15-07-2026,21:38:17,0.303,0.050,LOOKING FORWARD,NO PHONE,ALERT
15-07-2026,21:38:17,0.302,0.051,LOOKING FORWARD,NO PHONE,ALERT
15-07-2026,21:38:17,0.300,0.057,LOOKING FORWARD,NO PHONE,ALERT
15-07-2026,21:38:17,0.288,0.050,LOOKING FORWARD,NO PHONE,ALERT
15-07-2026,21:38:18,0.271,0.248,LOOKING FORWARD,NO PHONE,ALERT
15-07-2026,21:38:18,0.271,0.171,LOOKING FORWARD,NO PHONE,ALERT
15-07-2026,21:38:18,0.268,0.026,LOOKING FORWARD,NO PHONE,ALERT
15-07-2026,21:38:18,0.274,0.025,LOOKING FORWARD,NO PHONE,ALERT
15-07-2026,21:38:18,0.283,0.054,LOOKING FORWARD,NO PHONE,ALERT
15-07-2026,21:38:18,0.259,0.158,LOOKING FORWARD,NO PHONE,ALERT
15-07-2026,21:38:18,0.273,0.026,LOOKING FORWARD,NO PHONE,ALERT
15-07-2026,21:38:18,0.279,0.105,LOOKING FORWARD,NO PHONE,ALERT
15-07-2026,21:38:18,0.268,0.226,LOOKING FORWARD,NO PHONE,ALERT
15-07-2026,21:38:18,0.275,0.100,LOOKING FORWARD,NO PHONE,ALERT
15-07-2026,21:38:18,0.263,0.152,LOOKING FORWARD,NO PHONE,ALERT
15-07-2026,21:38:19,0.231,0.035,LOOKING FORWARD,NO PHONE,ALERT
15-07-2026,21:38:19,0.252,0.077,LOOKING FORWARD,NO PHONE,ALERT
15-07-2026,21:38:19,0.220,0.053,LOOKING FORWARD,NO PHONE,ALERT
15-07-2026,21:38:19,0.254,0.000,LOOKING FORWARD,NO PHONE,ALERT
15-07-2026,21:38:19,0.258,0.000,LOOKING FORWARD,NO PHONE,ALERT
15-07-2026,21:38:19,0.247,0.000,LOOKING FORWARD,NO PHONE,ALERT
15-07-2026,21:38:19,0.274,0.024,LOOKING FORWARD,NO PHONE,ALERT
15-07-2026,21:38:19,0.261,0.000,LOOKING FORWARD,NO PHONE,ALERT
15-07-2026,21:38:19,0.253,0.025,LOOKING FORWARD,NO PHONE,ALERT
15-07-2026,21:38:19,0.242,0.024,LOOKING LEFT,NO PHONE,DISTRACTED
15-07-2026,21:38:20,0.258,0.000,LOOKING LEFT,PHONE CALL (RIGHT),DISTRACTED
15-07-2026,21:38:20,0.238,0.026,LOOKING LEFT,PHONE CALL (RIGHT),DISTRACTED
15-07-2026,21:38:20,0.222,0.000,LOOKING LEFT,NO PHONE,DISTRACTED
15-07-2026,21:38:20,0.225,0.000,LOOKING LEFT,NO PHONE,DISTRACTED
15-07-2026,21:38:20,0.241,0.025,LOOKING LEFT,NO PHONE,DISTRACTED
15-07-2026,21:38:20,0.252,0.026,LOOKING LEFT,NO PHONE,DISTRACTED
15-07-2026,21:38:20,0.245,0.026,LOOKING LEFT,NO PHONE,DISTRACTED
15-07-2026,21:38:20,0.261,0.025,LOOKING LEFT,NO PHONE,DISTRACTED
15-07-2026,21:38:20,0.245,0.000,LOOKING LEFT,NO PHONE,DISTRACTED
15-07-2026,21:38:20,0.261,0.000,LOOKING LEFT,NO PHONE,DISTRACTED
15-07-2026,21:38:20,0.252,0.000,LOOKING LEFT,NO PHONE,DISTRACTED
15-07-2026,21:38:21,0.235,0.026,LOOKING LEFT,NO PHONE,DISTRACTED
15-07-2026,21:38:21,0.241,0.026,LOOKING LEFT,NO PHONE,DISTRACTED
15-07-2026,21:38:21,0.256,0.000,LOOKING LEFT,NO PHONE,DISTRACTED
15-07-2026,21:38:21,0.259,0.000,LOOKING LEFT,NO PHONE,DISTRACTED
15-07-2026,21:38:21,0.244,0.037,LOOKING LEFT,NO PHONE,DISTRACTED
15-07-2026,21:38:21,0.255,0.026,LOOKING LEFT,NO PHONE,DISTRACTED
15-07-2026,21:38:21,0.253,0.000,LOOKING LEFT,NO PHONE,DISTRACTED
15-07-2026,21:38:21,0.256,0.000,LOOKING LEFT,NO PHONE,DISTRACTED
15-07-2026,21:38:21,0.257,0.000,LOOKING LEFT,PHONE CALL (RIGHT),DISTRACTED
15-07-2026,21:38:21,0.262,0.000,LOOKING LEFT,PHONE CALL (RIGHT),DISTRACTED
15-07-2026,21:38:22,0.268,0.026,LOOKING LEFT,PHONE CALL (RIGHT),DISTRACTED
15-07-2026,21:38:22,0.256,0.027,LOOKING LEFT,NO PHONE,DISTRACTED
15-07-2026,21:38:22,0.255,0.026,LOOKING LEFT,NO PHONE,DISTRACTED
15-07-2026,21:38:22,0.271,0.000,LOOKING LEFT,NO PHONE,DISTRACTED
15-07-2026,21:38:22,0.297,0.000,LOOKING LEFT,NO PHONE,DISTRACTED
15-07-2026,21:38:22,0.271,0.000,LOOKING LEFT,NO PHONE,DISTRACTED
15-07-2026,21:38:22,0.269,0.000,LOOKING LEFT,NO PHONE,DISTRACTED
15-07-2026,21:38:22,0.271,0.027,LOOKING LEFT,NO PHONE,DISTRACTED
15-07-2026,21:38:22,0.250,0.000,LOOKING LEFT,NO PHONE,DISTRACTED
15-07-2026,21:38:22,0.260,0.000,LOOKING LEFT,NO PHONE,DISTRACTED
15-07-2026,21:38:22,0.258,0.026,LOOKING LEFT,NO PHONE,DISTRACTED
15-07-2026,21:38:22,0.254,0.026,LOOKING LEFT,NO PHONE,DISTRACTED
15-07-2026,21:38:23,0.266,0.000,LOOKING LEFT,NO PHONE,DISTRACTED
15-07-2026,21:38:23,0.260,0.026,LOOKING LEFT,NO PHONE,DISTRACTED
15-07-2026,21:38:23,0.262,0.027,LOOKING LEFT,NO PHONE,DISTRACTED
15-07-2026,21:38:23,0.262,0.026,LOOKING LEFT,NO PHONE,DISTRACTED
15-07-2026,21:38:23,0.280,0.000,LOOKING LEFT,NO PHONE,DISTRACTED
15-07-2026,21:38:23,0.261,0.000,LOOKING LEFT,NO PHONE,DISTRACTED
15-07-2026,21:38:23,0.269,0.027,LOOKING LEFT,NO PHONE,DISTRACTED
15-07-2026,21:38:23,0.264,0.027,LOOKING LEFT,NO PHONE,DISTRACTED
15-07-2026,21:38:23,0.261,0.000,LOOKING LEFT,NO PHONE,DISTRACTED
15-07-2026,21:38:23,0.251,0.000,LOOKING LEFT,PHONE CALL (RIGHT),DISTRACTED
15-07-2026,21:38:24,0.261,0.000,LOOKING LEFT,PHONE CALL (RIGHT),DISTRACTED
15-07-2026,21:38:24,0.207,0.077,LOOKING LEFT,NO PHONE,DISTRACTED
15-07-2026,21:38:24,0.225,0.025,LOOKING FORWARD,NO PHONE,ALERT
15-07-2026,21:38:24,0.220,0.050,LOOKING FORWARD,NO PHONE,ALERT
15-07-2026,21:38:24,0.217,0.051,LOOKING FORWARD,NO PHONE,ALERT
15-07-2026,21:38:24,0.159,0.024,LOOKING FORWARD,NO PHONE,ALERT
15-07-2026,21:38:24,0.188,0.000,LOOKING FORWARD,NO PHONE,ALERT
15-07-2026,21:38:24,0.231,0.025,LOOKING LEFT,NO PHONE,DISTRACTED
15-07-2026,21:38:24,0.204,0.000,LOOKING LEFT,NO PHONE,DISTRACTED
15-07-2026,21:38:24,0.206,0.000,LOOKING LEFT,NO PHONE,DISTRACTED
15-07-2026,21:38:24,0.243,0.000,LOOKING LEFT,NO PHONE,DISTRACTED
15-07-2026,21:38:24,0.217,0.025,LOOKING LEFT,NO PHONE,DISTRACTED
15-07-2026,21:38:25,0.218,0.000,LOOKING LEFT,NO PHONE,DISTRACTED
15-07-2026,21:38:25,0.207,0.024,LOOKING LEFT,NO PHONE,DISTRACTED
15-07-2026,21:38:25,0.225,0.000,LOOKING LEFT,NO PHONE,DISTRACTED
15-07-2026,21:38:25,0.214,0.000,LOOKING LEFT,NO PHONE,DISTRACTED
15-07-2026,21:38:25,0.232,0.000,LOOKING LEFT,NO PHONE,DISTRACTED
15-07-2026,21:38:25,0.256,0.025,LOOKING LEFT,NO PHONE,DISTRACTED
15-07-2026,21:38:25,0.225,0.024,LOOKING LEFT,NO PHONE,DISTRACTED
15-07-2026,21:38:25,0.237,0.000,LOOKING LEFT,NO PHONE,DISTRACTED
15-07-2026,21:38:25,0.242,0.000,LOOKING LEFT,NO PHONE,DISTRACTED
15-07-2026,21:38:25,0.199,0.050,LOOKING FORWARD,NO PHONE,ALERT
15-07-2026,21:38:25,0.199,0.024,LOOKING FORWARD,NO PHONE,ALERT
15-07-2026,21:38:25,0.209,0.000,LOOKING FORWARD,NO PHONE,ALERT
15-07-2026,21:38:26,0.238,0.000,LOOKING FORWARD,NO PHONE,ALERT
15-07-2026,21:38:26,0.226,0.000,LOOKING FORWARD,NO PHONE,ALERT
15-07-2026,21:38:26,0.222,0.000,LOOKING FORWARD,NO PHONE,ALERT
15-07-2026,21:38:26,0.252,0.000,LOOKING FORWARD,NO PHONE,ALERT
15-07-2026,21:38:26,0.227,0.000,LOOKING FORWARD,NO PHONE,ALERT
15-07-2026,21:38:26,0.263,0.000,LOOKING FORWARD,NO PHONE,ALERT
15-07-2026,21:38:26,0.248,0.000,LOOKING FORWARD,NO PHONE,ALERT
15-07-2026,21:38:26,0.268,0.000,LOOKING FORWARD,NO PHONE,ALERT
15-07-2026,21:38:26,0.264,0.024,LOOKING FORWARD,NO PHONE,ALERT
15-07-2026,21:38:26,0.248,0.000,LOOKING FORWARD,NO PHONE,ALERT
15-07-2026,21:38:26,0.264,0.000,LOOKING FORWARD,NO PHONE,ALERT
15-07-2026,21:38:26,0.258,0.024,LOOKING FORWARD,NO PHONE,ALERT
15-07-2026,21:38:26,0.248,0.000,LOOKING FORWARD,NO PHONE,ALERT
15-07-2026,21:38:27,0.261,0.000,LOOKING FORWARD,NO PHONE,ALERT
15-07-2026,21:38:27,0.243,0.000,LOOKING FORWARD,NO PHONE,ALERT
15-07-2026,21:38:27,0.263,0.000,LOOKING FORWARD,NO PHONE,ALERT
15-07-2026,21:38:27,0.250,0.000,LOOKING FORWARD,NO PHONE,ALERT
15-07-2026,21:38:27,0.258,0.000,LOOKING FORWARD,NO PHONE,ALERT
15-07-2026,21:38:27,0.224,0.000,LOOKING FORWARD,NO PHONE,ALERT
15-07-2026,21:38:27,0.250,0.026,LOOKING FORWARD,NO PHONE,ALERT
15-07-2026,21:38:27,0.272,0.000,LOOKING FORWARD,NO PHONE,ALERT
15-07-2026,21:38:27,0.258,0.000,LOOKING FORWARD,NO PHONE,ALERT
15-07-2026,21:38:27,0.263,0.000,LOOKING FORWARD,NO PHONE,ALERT
15-07-2026,21:38:27,0.270,0.000,LOOKING LEFT,NO PHONE,DISTRACTED
15-07-2026,21:38:27,0.274,0.024,LOOKING FORWARD,NO PHONE,ALERT
15-07-2026,21:38:28,0.272,0.000,LOOKING FORWARD,NO PHONE,ALERT
15-07-2026,21:38:28,0.271,0.000,LOOKING FORWARD,NO PHONE,ALERT
15-07-2026,21:38:28,0.251,0.000,LOOKING LEFT,NO PHONE,DISTRACTED
15-07-2026,21:38:28,0.236,0.024,LOOKING LEFT,NO PHONE,DISTRACTED
15-07-2026,21:38:28,0.259,0.000,LOOKING LEFT,NO PHONE,DISTRACTED
15-07-2026,21:39:57,0.256,0.000,LOOKING FORWARD,NO PHONE,ALERT
15-07-2026,21:39:58,0.276,0.024,LOOKING FORWARD,NO PHONE,ALERT
15-07-2026,21:39:58,0.265,0.000,LOOKING FORWARD,NO PHONE,ALERT
15-07-2026,21:39:58,0.299,0.000,LOOKING FORWARD,NO PHONE,ALERT
15-07-2026,21:39:58,0.266,0.000,LOOKING FORWARD,NO PHONE,ALERT
15-07-2026,21:39:58,0.278,0.000,LOOKING FORWARD,NO PHONE,ALERT
15-07-2026,21:39:58,0.237,0.054,LOOKING FORWARD,NO PHONE,ALERT
15-07-2026,21:39:58,0.251,0.048,LOOKING FORWARD,NO PHONE,ALERT
15-07-2026,21:39:58,0.270,0.024,LOOKING FORWARD,NO PHONE,ALERT
15-07-2026,21:39:58,0.271,0.000,LOOKING FORWARD,NO PHONE,ALERT
15-07-2026,21:39:58,0.267,0.000,LOOKING FORWARD,NO PHONE,ALERT
15-07-2026,21:39:58,0.243,0.000,LOOKING FORWARD,NO PHONE,ALERT
15-07-2026,21:39:58,0.243,0.000,LOOKING FORWARD,NO PHONE,ALERT
15-07-2026,21:39:58,0.254,0.000,LOOKING FORWARD,NO PHONE,ALERT
15-07-2026,21:39:58,0.253,0.000,LOOKING FORWARD,NO PHONE,ALERT
15-07-2026,21:39:59,0.246,0.000,LOOKING FORWARD,NO PHONE,ALERT
15-07-2026,21:39:59,0.273,0.000,LOOKING FORWARD,NO PHONE,ALERT
15-07-2026,21:39:59,0.284,0.000,LOOKING FORWARD,NO PHONE,ALERT
15-07-2026,21:39:59,0.292,0.000,LOOKING FORWARD,NO PHONE,ALERT
15-07-2026,21:39:59,0.250,0.047,LOOKING FORWARD,NO PHONE,ALERT
15-07-2026,21:39:59,0.227,0.000,LOOKING FORWARD,NO PHONE,ALERT
15-07-2026,21:39:59,0.222,0.025,LOOKING FORWARD,NO PHONE,ALERT
15-07-2026,21:39:59,0.228,0.000,LOOKING FORWARD,NO PHONE,ALERT
15-07-2026,21:39:59,0.230,0.000,LOOKING FORWARD,NO PHONE,ALERT
15-07-2026,21:39:59,0.241,0.049,LOOKING FORWARD,NO PHONE,ALERT
15-07-2026,21:39:59,0.221,0.000,LOOKING FORWARD,NO PHONE,ALERT
15-07-2026,21:39:59,0.226,0.000,LOOKING FORWARD,NO PHONE,ALERT
15-07-2026,21:39:59,0.231,0.024,LOOKING FORWARD,NO PHONE,ALERT
15-07-2026,21:39:59,0.240,0.000,LOOKING FORWARD,NO PHONE,ALERT
15-07-2026,21:39:59,0.240,0.000,LOOKING FORWARD,NO PHONE,ALERT
15-07-2026,21:40:00,0.238,0.024,LOOKING FORWARD,NO PHONE,ALERT
15-07-2026,21:40:00,0.241,0.000,LOOKING FORWARD,NO PHONE,ALERT
15-07-2026,21:40:00,0.241,0.000,LOOKING FORWARD,NO PHONE,ALERT
15-07-2026,21:40:00,0.274,0.000,LOOKING FORWARD,NO PHONE,ALERT
15-07-2026,21:40:00,0.269,0.000,LOOKING FORWARD,NO PHONE,ALERT
15-07-2026,21:40:00,0.269,0.000,LOOKING FORWARD,NO PHONE,ALERT
15-07-2026,21:40:00,0.254,0.024,LOOKING FORWARD,NO PHONE,ALERT
15-07-2026,21:40:00,0.272,0.000,LOOKING FORWARD,NO PHONE,ALERT
15-07-2026,21:40:00,0.264,0.000,LOOKING FORWARD,NO PHONE,ALERT
15-07-2026,21:40:00,0.240,0.000,LOOKING FORWARD,NO PHONE,ALERT
15-07-2026,21:40:00,0.247,0.000,LOOKING FORWARD,NO PHONE,ALERT
15-07-2026,21:40:00,0.236,0.024,LOOKING FORWARD,NO PHONE,ALERT
15-07-2026,21:40:00,0.233,0.049,LOOKING FORWARD,NO PHONE,ALERT
15-07-2026,21:40:00,0.244,0.000,LOOKING FORWARD,NO PHONE,ALERT
15-07-2026,21:40:00,0.237,0.000,LOOKING FORWARD,NO PHONE,ALERT
15-07-2026,21:40:01,0.232,0.000,LOOKING FORWARD,NO PHONE,ALERT
15-07-2026,21:40:01,0.229,0.024,LOOKING FORWARD,NO PHONE,ALERT
15-07-2026,21:40:01,0.250,0.000,LOOKING FORWARD,NO PHONE,ALERT
15-07-2026,21:40:01,0.252,0.000,LOOKING FORWARD,NO PHONE,ALERT
15-07-2026,21:40:01,0.240,0.024,LOOKING FORWARD,NO PHONE,ALERT
15-07-2026,21:40:01,0.250,0.024,LOOKING FORWARD,NO PHONE,ALERT
15-07-2026,21:40:01,0.251,0.000,LOOKING FORWARD,NO PHONE,ALERT
15-07-2026,21:40:01,0.268,0.024,LOOKING FORWARD,NO PHONE,ALERT
15-07-2026,21:40:01,0.276,0.024,LOOKING FORWARD,NO PHONE,ALERT
15-07-2026,21:40:01,0.261,0.000,LOOKING FORWARD,NO PHONE,ALERT
15-07-2026,21:40:01,0.251,0.024,LOOKING FORWARD,NO PHONE,ALERT
15-07-2026,21:40:01,0.261,0.049,LOOKING FORWARD,NO PHONE,ALERT
15-07-2026,21:40:02,0.252,0.024,LOOKING FORWARD,NO PHONE,ALERT
15-07-2026,21:40:02,0.251,0.024,LOOKING FORWARD,NO PHONE,ALERT
15-07-2026,21:40:02,0.258,0.025,LOOKING FORWARD,NO PHONE,ALERT
15-07-2026,21:40:02,0.249,0.025,LOOKING FORWARD,NO PHONE,ALERT
15-07-2026,21:40:02,0.249,0.025,LOOKING FORWARD,NO PHONE,ALERT
15-07-2026,21:40:02,0.244,0.025,LOOKING FORWARD,NO PHONE,ALERT
15-07-2026,21:40:02,0.244,0.025,LOOKING FORWARD,NO PHONE,ALERT
15-07-2026,21:40:02,0.249,0.000,LOOKING FORWARD,NO PHONE,ALERT
15-07-2026,21:40:02,0.245,0.047,LOOKING FORWARD,NO PHONE,ALERT
15-07-2026,21:40:02,0.246,0.000,LOOKING FORWARD,NO PHONE,ALERT
15-07-2026,21:40:02,0.235,0.000,LOOKING FORWARD,NO PHONE,ALERT
15-07-2026,21:40:02,0.242,0.024,LOOKING FORWARD,NO PHONE,ALERT
15-07-2026,21:40:02,0.242,0.024,LOOKING FORWARD,NO PHONE,ALERT
15-07-2026,21:40:02,0.251,0.000,LOOKING FORWARD,NO PHONE,ALERT
15-07-2026,21:40:03,0.235,0.024,LOOKING FORWARD,NO PHONE,ALERT
15-07-2026,21:40:03,0.257,0.024,LOOKING FORWARD,NO PHONE,ALERT
15-07-2026,21:40:03,0.258,0.024,LOOKING FORWARD,NO PHONE,ALERT
15-07-2026,21:40:03,0.247,0.025,LOOKING FORWARD,NO PHONE,ALERT
15-07-2026,21:40:03,0.278,0.049,LOOKING FORWARD,NO PHONE,ALERT
15-07-2026,21:40:03,0.290,0.024,LOOKING FORWARD,NO PHONE,ALERT
15-07-2026,21:40:03,0.278,0.025,LOOKING FORWARD,NO PHONE,ALERT
15-07-2026,21:40:03,0.277,0.000,LOOKING FORWARD,NO PHONE,ALERT
15-07-2026,21:40:03,0.272,0.000,LOOKING FORWARD,NO PHONE,ALERT
15-07-2026,21:40:03,0.269,0.000,LOOKING FORWARD,NO PHONE,ALERT
15-07-2026,21:40:03,0.274,0.000,LOOKING FORWARD,NO PHONE,ALERT
15-07-2026,21:40:03,0.264,0.000,LOOKING FORWARD,NO PHONE,ALERT
15-07-2026,21:40:03,0.272,0.000,LOOKING FORWARD,NO PHONE,ALERT
15-07-2026,21:40:03,0.264,0.000,LOOKING FORWARD,NO PHONE,ALERT
15-07-2026,21:40:04,0.265,0.000,LOOKING FORWARD,NO PHONE,ALERT
15-07-2026,21:40:04,0.280,0.025,LOOKING FORWARD,NO PHONE,ALERT
15-07-2026,21:40:04,0.264,0.125,LOOKING FORWARD,NO PHONE,ALERT
15-07-2026,21:40:04,0.249,0.125,LOOKING FORWARD,NO PHONE,ALERT
15-07-2026,21:40:04,0.233,0.000,LOOKING FORWARD,NO PHONE,ALERT
15-07-2026,21:40:04,0.262,0.035,LOOKING FORWARD,NO PHONE,ALERT
15-07-2026,21:40:04,0.227,0.035,LOOKING FORWARD,NO PHONE,ALERT
15-07-2026,21:40:04,0.258,0.024,LOOKING FORWARD,NO PHONE,ALERT
15-07-2026,21:40:04,0.240,0.024,LOOKING FORWARD,NO PHONE,ALERT
15-07-2026,21:40:04,0.255,0.025,LOOKING FORWARD,NO PHONE,ALERT
15-07-2026,21:40:04,0.288,0.000,LOOKING FORWARD,NO PHONE,ALERT
15-07-2026,21:40:04,0.269,0.050,LOOKING FORWARD,NO PHONE,ALERT
15-07-2026,21:40:04,0.286,0.000,LOOKING FORWARD,NO PHONE,ALERT
15-07-2026,21:40:58,0.265,0.000,LOOKING FORWARD,NO PHONE,ALERT
15-07-2026,21:40:58,0.254,0.000,LOOKING FORWARD,NO PHONE,ALERT
15-07-2026,21:40:58,0.267,0.000,LOOKING FORWARD,NO PHONE,ALERT
15-07-2026,21:40:58,0.269,0.000,LOOKING FORWARD,NO PHONE,ALERT
15-07-2026,21:40:58,0.255,0.000,LOOKING FORWARD,NO PHONE,ALERT
15-07-2026,21:40:58,0.267,0.000,LOOKING FORWARD,NO PHONE,ALERT
15-07-2026,21:40:58,0.267,0.000,LOOKING FORWARD,NO PHONE,ALERT
15-07-2026,21:40:58,0.276,0.000,LOOKING FORWARD,NO PHONE,ALERT
15-07-2026,21:40:58,0.262,0.000,LOOKING FORWARD,NO PHONE,ALERT
15-07-2026,21:40:58,0.259,0.000,LOOKING FORWARD,NO PHONE,ALERT
15-07-2026,21:40:59,0.271,0.000,LOOKING FORWARD,NO PHONE,ALERT
15-07-2026,21:40:59,0.257,0.025,LOOKING FORWARD,NO PHONE,ALERT
15-07-2026,21:40:59,0.265,0.000,LOOKING FORWARD,NO PHONE,ALERT
15-07-2026,21:40:59,0.247,0.000,LOOKING FORWARD,NO PHONE,ALERT
15-07-2026,21:40:59,0.269,0.000,LOOKING FORWARD,NO PHONE,ALERT
15-07-2026,21:40:59,0.275,0.000,LOOKING FORWARD,NO PHONE,ALERT
15-07-2026,21:40:59,0.286,0.026,LOOKING FORWARD,NO PHONE,ALERT
15-07-2026,21:40:59,0.286,0.026,LOOKING FORWARD,NO PHONE,ALERT
15-07-2026,21:40:59,0.279,0.000,LOOKING FORWARD,NO PHONE,ALERT
15-07-2026,21:40:59,0.274,0.025,LOOKING FORWARD,NO PHONE,ALERT
15-07-2026,21:40:59,0.277,0.000,LOOKING FORWARD,NO PHONE,ALERT
15-07-2026,21:40:59,0.275,0.025,LOOKING FORWARD,NO PHONE,ALERT
15-07-2026,21:40:59,0.287,0.000,LOOKING FORWARD,NO PHONE,ALERT
15-07-2026,21:41:00,0.294,0.025,LOOKING FORWARD,NO PHONE,ALERT
15-07-2026,21:41:00,0.282,0.024,LOOKING FORWARD,NO PHONE,ALERT
15-07-2026,21:41:00,0.252,0.000,LOOKING FORWARD,NO PHONE,ALERT
15-07-2026,21:41:00,0.267,0.024,LOOKING FORWARD,NO PHONE,ALERT
15-07-2026,21:41:00,0.268,0.025,LOOKING FORWARD,NO PHONE,ALERT
15-07-2026,21:41:00,0.271,0.026,LOOKING FORWARD,NO PHONE,ALERT
15-07-2026,21:41:00,0.255,0.000,LOOKING FORWARD,NO PHONE,ALERT
15-07-2026,21:41:00,0.291,0.000,LOOKING FORWARD,NO PHONE,ALERT
15-07-2026,21:41:00,0.250,0.000,LOOKING FORWARD,NO PHONE,ALERT
15-07-2026,21:41:00,0.250,0.025,LOOKING FORWARD,NO PHONE,ALERT
15-07-2026,21:41:00,0.268,0.049,LOOKING FORWARD,NO PHONE,ALERT
15-07-2026,21:41:00,0.263,0.000,LOOKING FORWARD,NO PHONE,ALERT
15-07-2026,21:41:00,0.257,0.000,LOOKING FORWARD,NO PHONE,ALERT
15-07-2026,21:41:01,0.273,0.000,LOOKING FORWARD,NO PHONE,ALERT
15-07-2026,21:41:01,0.281,0.026,LOOKING FORWARD,NO PHONE,ALERT
15-07-2026,21:41:01,0.286,0.000,LOOKING FORWARD,NO PHONE,ALERT
15-07-2026,21:41:01,0.279,0.000,LOOKING FORWARD,NO PHONE,ALERT
15-07-2026,21:41:01,0.284,0.000,LOOKING FORWARD,NO PHONE,ALERT
15-07-2026,21:41:01,0.263,0.000,LOOKING FORWARD,NO PHONE,ALERT
15-07-2026,21:41:01,0.269,0.000,LOOKING FORWARD,NO PHONE,ALERT
15-07-2026,21:41:01,0.275,0.000,LOOKING FORWARD,NO PHONE,ALERT
15-07-2026,21:41:01,0.269,0.025,LOOKING FORWARD,NO PHONE,ALERT
15-07-2026,21:41:01,0.263,0.000,LOOKING LEFT,NO PHONE,DISTRACTED
15-07-2026,21:41:01,0.236,0.000,LOOKING LEFT,NO PHONE,DISTRACTED
15-07-2026,21:41:02,0.237,0.000,LOOKING LEFT,NO PHONE,DISTRACTED
15-07-2026,21:41:02,0.359,0.000,LOOKING LEFT,NO PHONE,DISTRACTED
15-07-2026,21:41:02,0.371,0.000,LOOKING LEFT,NO PHONE,DISTRACTED
15-07-2026,21:41:02,0.335,0.000,LOOKING LEFT,NO PHONE,DISTRACTED
15-07-2026,21:41:02,0.332,0.033,LOOKING LEFT,NO PHONE,DISTRACTED
15-07-2026,21:41:02,0.360,0.032,LOOKING LEFT,NO PHONE,DISTRACTED
15-07-2026,21:41:02,0.329,0.000,LOOKING LEFT,NO PHONE,DISTRACTED
15-07-2026,21:41:02,0.349,0.000,LOOKING LEFT,NO PHONE,DISTRACTED
15-07-2026,21:41:02,0.302,0.046,LOOKING LEFT,NO PHONE,DISTRACTED
15-07-2026,21:41:02,0.317,0.031,LOOKING LEFT,NO PHONE,DISTRACTED
15-07-2026,21:41:03,0.341,0.031,LOOKING LEFT,NO PHONE,DISTRACTED
15-07-2026,21:41:03,0.306,0.000,LOOKING LEFT,NO PHONE,DISTRACTED
15-07-2026,21:41:03,0.312,0.000,LOOKING LEFT,NO PHONE,DISTRACTED
15-07-2026,21:41:03,0.309,0.000,LOOKING LEFT,NO PHONE,DISTRACTED
15-07-2026,21:41:03,0.301,0.000,LOOKING LEFT,NO PHONE,DISTRACTED
15-07-2026,21:41:03,0.307,0.000,LOOKING LEFT,NO PHONE,DISTRACTED
15-07-2026,21:41:03,0.288,0.000,LOOKING LEFT,NO PHONE,DISTRACTED
15-07-2026,21:41:03,0.305,0.000,LOOKING LEFT,NO PHONE,DISTRACTED
15-07-2026,21:41:03,0.259,0.000,LOOKING LEFT,NO PHONE,DISTRACTED
15-07-2026,21:41:03,0.232,0.025,LOOKING LEFT,NO PHONE,DISTRACTED
15-07-2026,21:41:03,0.232,0.000,LOOKING FORWARD,NO PHONE,ALERT
15-07-2026,21:41:04,0.215,0.000,LOOKING FORWARD,NO PHONE,ALERT
15-07-2026,21:41:04,0.250,0.000,LOOKING RIGHT,NO PHONE,DISTRACTED
15-07-2026,21:41:04,0.332,0.000,LOOKING RIGHT,NO PHONE,DISTRACTED
15-07-2026,21:41:04,0.321,0.030,LOOKING RIGHT,NO PHONE,DISTRACTED
15-07-2026,21:41:04,0.361,0.041,LOOKING RIGHT,NO PHONE,DISTRACTED
15-07-2026,21:41:04,0.361,0.029,LOOKING RIGHT,NO PHONE,DISTRACTED
15-07-2026,21:41:04,0.349,0.000,LOOKING RIGHT,NO PHONE,DISTRACTED
15-07-2026,21:41:04,0.327,0.041,LOOKING RIGHT,NO PHONE,DISTRACTED
15-07-2026,21:41:04,0.318,0.000,LOOKING RIGHT,NO PHONE,DISTRACTED
15-07-2026,21:41:04,0.312,0.000,LOOKING RIGHT,NO PHONE,DISTRACTED
15-07-2026,21:41:04,0.330,0.029,LOOKING RIGHT,NO PHONE,DISTRACTED
15-07-2026,21:41:05,0.334,0.028,LOOKING RIGHT,NO PHONE,DISTRACTED
15-07-2026,21:41:05,0.327,0.028,LOOKING RIGHT,NO PHONE,DISTRACTED
15-07-2026,21:41:05,0.331,0.028,LOOKING RIGHT,NO PHONE,DISTRACTED
15-07-2026,21:41:05,0.322,0.028,LOOKING RIGHT,NO PHONE,DISTRACTED
15-07-2026,21:41:05,0.331,0.055,LOOKING RIGHT,NO PHONE,DISTRACTED
15-07-2026,21:41:05,0.314,0.057,LOOKING RIGHT,NO PHONE,DISTRACTED
15-07-2026,21:41:05,0.288,0.026,LOOKING RIGHT,NO PHONE,DISTRACTED
15-07-2026,21:41:05,0.248,0.000,LOOKING RIGHT,NO PHONE,DISTRACTED
15-07-2026,21:41:05,0.235,0.026,LOOKING RIGHT,NO PHONE,DISTRACTED
15-07-2026,21:41:05,0.220,0.000,LOOKING RIGHT,NO PHONE,DISTRACTED
15-07-2026,21:41:05,0.233,0.034,LOOKING UP,NO PHONE,DISTRACTED
15-07-2026,21:41:05,0.221,0.049,LOOKING UP,NO PHONE,DISTRACTED
15-07-2026,21:41:05,0.221,0.052,LOOKING UP,NO PHONE,DISTRACTED
15-07-2026,21:41:06,0.198,0.025,LOOKING UP,NO PHONE,DISTRACTED
15-07-2026,21:41:06,0.210,0.069,LOOKING UP,NO PHONE,DISTRACTED
15-07-2026,21:41:06,0.207,0.049,LOOKING UP,NO PHONE,DISTRACTED
15-07-2026,21:41:06,0.200,0.067,LOOKING UP,NO PHONE,DISTRACTED
15-07-2026,21:41:06,0.201,0.056,LOOKING UP,NO PHONE,DISTRACTED
15-07-2026,21:41:06,0.226,0.024,LOOKING UP,NO PHONE,DISTRACTED
15-07-2026,21:41:06,0.202,0.024,LOOKING UP,NO PHONE,DISTRACTED
15-07-2026,21:41:06,0.200,0.000,LOOKING UP,NO PHONE,DISTRACTED
15-07-2026,21:41:06,0.226,0.024,LOOKING UP,NO PHONE,DISTRACTED
15-07-2026,21:41:06,0.210,0.034,LOOKING UP,NO PHONE,DISTRACTED
15-07-2026,21:41:06,0.206,0.053,LOOKING UP,NO PHONE,DISTRACTED
15-07-2026,21:41:06,0.214,0.000,LOOKING UP,NO PHONE,DISTRACTED
15-07-2026,21:41:06,0.249,0.000,LOOKING UP,NO PHONE,DISTRACTED
15-07-2026,21:41:07,0.235,0.000,LOOKING UP,NO PHONE,DISTRACTED
15-07-2026,21:41:07,0.246,0.026,LOOKING UP,NO PHONE,DISTRACTED
15-07-2026,21:41:07,0.225,0.000,LOOKING FORWARD,NO PHONE,ALERT
15-07-2026,21:41:07,0.269,0.029,LOOKING FORWARD,NO PHONE,ALERT
15-07-2026,21:41:07,0.263,0.000,LOOKING FORWARD,NO PHONE,ALERT
15-07-2026,21:41:07,0.249,0.029,LOOKING FORWARD,NO PHONE,ALERT
15-07-2026,21:41:07,0.241,0.094,LOOKING FORWARD,NO PHONE,ALERT
15-07-2026,21:41:07,0.219,0.086,LOOKING FORWARD,NO PHONE,ALERT
15-07-2026,21:41:07,0.216,0.028,LOOKING FORWARD,NO PHONE,ALERT
15-07-2026,21:41:07,0.219,0.053,LOOKING DOWN,NO PHONE,DISTRACTED
15-07-2026,21:41:07,0.198,0.000,LOOKING FORWARD,NO PHONE,ALERT
15-07-2026,21:41:07,0.191,0.051,LOOKING DOWN,NO PHONE,DISTRACTED
15-07-2026,21:41:07,0.194,0.026,LOOKING DOWN,NO PHONE,DISTRACTED
15-07-2026,21:41:07,0.217,0.057,LOOKING DOWN,NO PHONE,DISTRACTED
15-07-2026,21:41:08,0.193,0.051,LOOKING DOWN,NO PHONE,DISTRACTED
15-07-2026,21:41:08,0.211,0.000,LOOKING DOWN,NO PHONE,DISTRACTED
15-07-2026,21:41:08,0.227,0.062,LOOKING DOWN,NO PHONE,DISTRACTED
15-07-2026,21:41:08,0.219,0.083,LOOKING DOWN,NO PHONE,DISTRACTED
15-07-2026,21:41:08,0.226,0.079,LOOKING DOWN,NO PHONE,DISTRACTED
15-07-2026,21:41:08,0.198,0.051,LOOKING DOWN,NO PHONE,DISTRACTED
15-07-2026,21:41:08,0.190,0.077,LOOKING DOWN,NO PHONE,DISTRACTED
15-07-2026,21:41:08,0.176,0.051,LOOKING DOWN,NO PHONE,DISTRACTED
15-07-2026,21:41:08,0.177,0.054,LOOKING DOWN,NO PHONE,DISTRACTED
15-07-2026,21:41:08,0.226,0.054,LOOKING DOWN,NO PHONE,DISTRACTED
15-07-2026,21:41:08,0.228,0.037,LOOKING DOWN,NO PHONE,DISTRACTED
15-07-2026,21:41:08,0.223,0.028,LOOKING DOWN,NO PHONE,DISTRACTED
15-07-2026,21:41:09,0.186,0.039,LOOKING FORWARD,NO PHONE,ALERT
15-07-2026,21:41:09,0.227,0.083,LOOKING FORWARD,NO PHONE,ALERT
15-07-2026,21:41:09,0.232,0.057,LOOKING FORWARD,NO PHONE,ALERT
15-07-2026,21:41:09,0.230,0.026,LOOKING FORWARD,NO PHONE,ALERT
15-07-2026,21:41:09,0.267,0.000,LOOKING FORWARD,NO PHONE,ALERT
15-07-2026,21:41:09,0.246,0.000,LOOKING FORWARD,NO PHONE,ALERT
15-07-2026,21:41:09,0.240,0.000,LOOKING FORWARD,NO PHONE,ALERT
15-07-2026,21:41:09,0.268,0.000,LOOKING FORWARD,NO PHONE,ALERT
15-07-2026,21:41:09,0.286,0.025,LOOKING FORWARD,NO PHONE,ALERT
15-07-2026,21:41:09,0.289,0.024,LOOKING FORWARD,NO PHONE,ALERT
15-07-2026,21:41:09,0.275,0.000,LOOKING FORWARD,NO PHONE,ALERT
15-07-2026,21:41:09,0.287,0.000,LOOKING FORWARD,NO PHONE,ALERT
15-07-2026,21:41:09,0.277,0.000,LOOKING FORWARD,NO PHONE,ALERT
15-07-2026,21:41:09,0.260,0.024,LOOKING FORWARD,NO PHONE,ALERT
15-07-2026,21:41:10,0.277,0.000,LOOKING FORWARD,NO PHONE,ALERT
15-07-2026,21:41:10,0.279,0.000,LOOKING FORWARD,NO PHONE,ALERT
15-07-2026,21:41:10,0.277,0.000,LOOKING FORWARD,NO PHONE,ALERT
15-07-2026,21:41:10,0.283,0.000,LOOKING FORWARD,NO PHONE,ALERT
15-07-2026,21:41:10,0.272,0.000,LOOKING FORWARD,NO PHONE,ALERT
15-07-2026,21:41:10,0.279,0.000,LOOKING FORWARD,NO PHONE,ALERT
15-07-2026,21:41:10,0.285,0.000,LOOKING FORWARD,NO PHONE,ALERT
15-07-2026,21:41:10,0.270,0.000,LOOKING FORWARD,NO PHONE,ALERT
15-07-2026,21:41:10,0.269,0.000,LOOKING FORWARD,NO PHONE,ALERT
15-07-2026,21:41:10,0.267,0.000,LOOKING FORWARD,NO PHONE,ALERT
15-07-2026,21:41:10,0.258,0.000,LOOKING FORWARD,NO PHONE,ALERT
15-07-2026,21:41:10,0.253,0.000,LOOKING FORWARD,NO PHONE,ALERT
15-07-2026,21:41:10,0.178,0.000,LOOKING FORWARD,NO PHONE,ALERT
15-07-2026,21:41:10,0.164,0.000,LOOKING FORWARD,NO PHONE,ALERT
15-07-2026,21:41:11,0.175,0.000,LOOKING FORWARD,NO PHONE,ALERT
15-07-2026,21:41:11,0.196,0.025,LOOKING FORWARD,NO PHONE,ALERT
15-07-2026,21:41:11,0.175,0.026,LOOKING FORWARD,NO PHONE,ALERT
15-07-2026,21:41:11,0.200,0.000,LOOKING FORWARD,NO PHONE,ALERT
15-07-2026,21:41:11,0.197,0.000,LOOKING FORWARD,NO PHONE,ALERT
15-07-2026,21:41:11,0.179,0.000,LOOKING FORWARD,NO PHONE,ALERT
15-07-2026,21:41:11,0.181,0.000,LOOKING FORWARD,NO PHONE,ALERT
15-07-2026,21:41:11,0.187,0.000,LOOKING FORWARD,NO PHONE,ALERT
15-07-2026,21:41:11,0.186,0.000,LOOKING FORWARD,NO PHONE,ALERT
15-07-2026,21:41:11,0.191,0.000,LOOKING FORWARD,NO PHONE,ALERT
15-07-2026,21:41:11,0.191,0.000,LOOKING FORWARD,NO PHONE,ALERT
15-07-2026,21:41:11,0.190,0.000,LOOKING FORWARD,NO PHONE,ALERT
15-07-2026,21:41:11,0.192,0.000,LOOKING FORWARD,NO PHONE,ALERT
15-07-2026,21:41:12,0.186,0.026,LOOKING FORWARD,NO PHONE,ALERT
15-07-2026,21:41:12,0.169,0.000,LOOKING FORWARD,NO PHONE,ALERT
15-07-2026,21:41:12,0.174,0.000,LOOKING FORWARD,NO PHONE,ALERT
15-07-2026,21:41:12,0.161,0.000,LOOKING FORWARD,NO PHONE,ALERT
15-07-2026,21:41:12,0.171,0.026,LOOKING FORWARD,NO PHONE,ALERT
15-07-2026,21:41:12,0.171,0.000,LOOKING FORWARD,NO PHONE,ALERT
15-07-2026,21:41:12,0.161,0.000,LOOKING FORWARD,NO PHONE,ALERT
15-07-2026,21:41:12,0.160,0.000,LOOKING FORWARD,NO PHONE,ALERT
15-07-2026,21:41:12,0.196,0.025,LOOKING FORWARD,NO PHONE,ALERT
15-07-2026,21:41:12,0.192,0.025,LOOKING FORWARD,NO PHONE,ALERT
15-07-2026,21:41:12,0.199,0.000,LOOKING FORWARD,NO PHONE,DROWSY
15-07-2026,21:41:12,0.196,0.000,LOOKING FORWARD,NO PHONE,DROWSY
15-07-2026,21:41:12,0.206,0.000,LOOKING FORWARD,NO PHONE,ALERT
15-07-2026,21:41:13,0.196,0.000,LOOKING FORWARD,NO PHONE,ALERT
15-07-2026,21:41:13,0.196,0.000,LOOKING FORWARD,NO PHONE,ALERT
15-07-2026,21:41:13,0.182,0.000,LOOKING FORWARD,NO PHONE,ALERT
15-07-2026,21:41:13,0.182,0.000,LOOKING FORWARD,NO PHONE,ALERT
15-07-2026,21:41:13,0.192,0.000,LOOKING FORWARD,NO PHONE,ALERT
15-07-2026,21:41:13,0.202,0.000,LOOKING FORWARD,NO PHONE,ALERT
15-07-2026,21:41:13,0.157,0.025,LOOKING FORWARD,NO PHONE,ALERT
15-07-2026,21:41:13,0.189,0.025,LOOKING FORWARD,NO PHONE,ALERT
15-07-2026,21:41:13,0.188,0.050,LOOKING FORWARD,NO PHONE,ALERT
15-07-2026,21:41:13,0.196,0.025,LOOKING FORWARD,NO PHONE,ALERT
15-07-2026,21:41:13,0.169,0.000,LOOKING FORWARD,NO PHONE,ALERT
15-07-2026,21:41:13,0.175,0.026,LOOKING FORWARD,NO PHONE,ALERT
15-07-2026,21:41:14,0.149,0.025,LOOKING FORWARD,NO PHONE,ALERT
15-07-2026,21:41:14,0.155,0.025,LOOKING FORWARD,NO PHONE,ALERT
15-07-2026,21:41:14,0.136,0.000,LOOKING FORWARD,NO PHONE,ALERT
15-07-2026,21:41:14,0.149,0.000,LOOKING FORWARD,NO PHONE,ALERT
15-07-2026,21:41:14,0.173,0.025,LOOKING FORWARD,NO PHONE,ALERT
15-07-2026,21:41:14,0.175,0.025,LOOKING FORWARD,NO PHONE,ALERT
15-07-2026,21:41:14,0.175,0.025,LOOKING FORWARD,NO PHONE,ALERT
15-07-2026,21:41:14,0.173,0.050,LOOKING FORWARD,NO PHONE,ALERT
15-07-2026,21:41:14,0.148,0.050,LOOKING FORWARD,NO PHONE,ALERT
15-07-2026,21:41:14,0.148,0.051,LOOKING FORWARD,NO PHONE,ALERT
15-07-2026,21:41:14,0.145,0.026,LOOKING FORWARD,NO PHONE,ALERT
15-07-2026,21:41:14,0.165,0.026,LOOKING FORWARD,NO PHONE,ALERT
15-07-2026,21:41:14,0.155,0.025,LOOKING FORWARD,NO PHONE,ALERT
15-07-2026,21:41:14,0.161,0.036,LOOKING FORWARD,NO PHONE,DROWSY
15-07-2026,21:41:14,0.172,0.026,LOOKING FORWARD,NO PHONE,DROWSY
15-07-2026,21:41:15,0.175,0.000,LOOKING FORWARD,NO PHONE,DROWSY
15-07-2026,21:41:15,0.198,0.131,LOOKING FORWARD,NO PHONE,DROWSY
15-07-2026,21:41:15,0.203,0.075,LOOKING FORWARD,NO PHONE,ALERT
15-07-2026,21:41:15,0.202,0.000,LOOKING FORWARD,NO PHONE,ALERT
15-07-2026,21:41:15,0.205,0.000,LOOKING FORWARD,NO PHONE,ALERT
15-07-2026,21:41:15,0.211,0.000,LOOKING FORWARD,NO PHONE,ALERT
15-07-2026,21:41:15,0.223,0.000,LOOKING FORWARD,NO PHONE,ALERT
15-07-2026,21:41:15,0.212,0.000,LOOKING FORWARD,NO PHONE,ALERT
15-07-2026,21:41:15,0.223,0.025,LOOKING FORWARD,NO PHONE,ALERT
15-07-2026,21:41:15,0.212,0.024,LOOKING FORWARD,NO PHONE,ALERT
15-07-2026,21:41:15,0.212,0.025,LOOKING FORWARD,NO PHONE,ALERT
15-07-2026,21:41:15,0.261,0.000,LOOKING FORWARD,NO PHONE,ALERT
15-07-2026,21:41:15,0.248,0.000,LOOKING FORWARD,NO PHONE,ALERT
15-07-2026,21:41:16,0.230,0.024,LOOKING FORWARD,NO PHONE,ALERT
15-07-2026,21:41:16,0.230,0.024,LOOKING FORWARD,NO PHONE,ALERT
15-07-2026,21:41:16,0.220,0.025,LOOKING FORWARD,NO PHONE,ALERT
15-07-2026,21:41:16,0.233,0.025,LOOKING FORWARD,NO PHONE,ALERT
15-07-2026,21:41:16,0.233,0.000,LOOKING FORWARD,NO PHONE,ALERT
15-07-2026,21:41:16,0.194,0.026,LOOKING FORWARD,NO PHONE,ALERT
15-07-2026,21:41:16,0.190,0.026,LOOKING FORWARD,NO PHONE,ALERT
15-07-2026,21:41:16,0.190,0.051,LOOKING FORWARD,NO PHONE,ALERT
15-07-2026,21:41:16,0.170,0.026,LOOKING FORWARD,NO PHONE,ALERT
15-07-2026,21:41:16,0.158,0.026,LOOKING FORWARD,NO PHONE,ALERT
15-07-2026,21:41:16,0.169,0.026,LOOKING FORWARD,NO PHONE,ALERT
15-07-2026,21:41:16,0.173,0.051,LOOKING FORWARD,NO PHONE,ALERT
15-07-2026,21:41:16,0.187,0.051,LOOKING FORWARD,NO PHONE,ALERT
15-07-2026,21:41:16,0.182,0.026,LOOKING FORWARD,NO PHONE,ALERT
15-07-2026,21:41:17,0.183,0.053,LOOKING FORWARD,NO PHONE,ALERT
15-07-2026,21:41:17,0.160,0.052,LOOKING FORWARD,NO PHONE,ALERT
15-07-2026,21:41:17,0.170,0.052,LOOKING FORWARD,NO PHONE,ALERT
15-07-2026,21:41:17,0.169,0.053,LOOKING FORWARD,NO PHONE,ALERT
15-07-2026,21:41:17,0.151,0.053,LOOKING FORWARD,NO PHONE,ALERT
15-07-2026,21:41:17,0.179,0.026,LOOKING FORWARD,NO PHONE,ALERT
15-07-2026,21:41:17,0.169,0.000,LOOKING FORWARD,NO PHONE,ALERT
15-07-2026,21:41:17,0.163,0.026,LOOKING FORWARD,NO PHONE,ALERT
15-07-2026,21:41:17,0.172,0.026,LOOKING FORWARD,NO PHONE,ALERT
15-07-2026,21:41:17,0.169,0.026,LOOKING FORWARD,NO PHONE,ALERT
15-07-2026,21:41:17,0.169,0.026,LOOKING FORWARD,NO PHONE,DROWSY
15-07-2026,21:41:17,0.158,0.000,LOOKING FORWARD,NO PHONE,DROWSY
15-07-2026,21:41:17,0.155,0.000,LOOKING FORWARD,NO PHONE,DROWSY
15-07-2026,21:41:18,0.158,0.000,LOOKING FORWARD,NO PHONE,DROWSY
15-07-2026,21:41:18,0.158,0.000,LOOKING FORWARD,NO PHONE,DROWSY
15-07-2026,21:41:18,0.172,0.053,LOOKING FORWARD,NO PHONE,DROWSY
15-07-2026,21:41:18,0.162,0.026,LOOKING FORWARD,NO PHONE,DROWSY
15-07-2026,21:41:18,0.138,0.026,LOOKING FORWARD,NO PHONE,DROWSY
15-07-2026,21:41:18,0.165,0.026,LOOKING FORWARD,NO PHONE,DROWSY
15-07-2026,21:41:18,0.148,0.000,LOOKING FORWARD,NO PHONE,DROWSY
15-07-2026,21:41:18,0.162,0.000,LOOKING FORWARD,NO PHONE,DROWSY
15-07-2026,21:41:18,0.182,0.000,LOOKING FORWARD,NO PHONE,DROWSY
15-07-2026,21:41:18,0.205,0.000,LOOKING FORWARD,NO PHONE,ALERT
15-07-2026,21:41:18,0.198,0.000,LOOKING FORWARD,NO PHONE,ALERT
15-07-2026,21:41:19,0.220,0.026,LOOKING FORWARD,NO PHONE,ALERT
15-07-2026,21:41:19,0.203,0.000,LOOKING FORWARD,NO PHONE,ALERT
15-07-2026,21:41:19,0.202,0.000,LOOKING FORWARD,NO PHONE,ALERT
15-07-2026,21:41:19,0.206,0.000,LOOKING FORWARD,NO PHONE,ALERT
15-07-2026,21:41:19,0.204,0.026,LOOKING FORWARD,NO PHONE,ALERT
15-07-2026,21:41:19,0.204,0.000,LOOKING FORWARD,NO PHONE,ALERT
15-07-2026,21:41:19,0.193,0.000,LOOKING FORWARD,NO PHONE,ALERT
15-07-2026,21:41:19,0.193,0.000,LOOKING FORWARD,NO PHONE,ALERT
15-07-2026,21:41:19,0.189,0.000,LOOKING FORWARD,NO PHONE,ALERT
15-07-2026,21:41:19,0.184,0.051,LOOKING FORWARD,NO PHONE,ALERT
15-07-2026,21:41:19,0.191,0.025,LOOKING FORWARD,NO PHONE,ALERT
15-07-2026,21:41:19,0.220,0.257,LOOKING FORWARD,NO PHONE,ALERT
15-07-2026,21:41:19,0.240,0.349,LOOKING FORWARD,NO PHONE,ALERT
15-07-2026,21:41:20,0.268,0.487,LOOKING FORWARD,NO PHONE,YAWNING
15-07-2026,21:41:20,0.249,0.550,LOOKING FORWARD,NO PHONE,YAWNING
15-07-2026,21:41:20,0.264,0.585,LOOKING FORWARD,NO PHONE,YAWNING
15-07-2026,21:41:20,0.262,0.610,LOOKING FORWARD,NO PHONE,YAWNING
15-07-2026,21:41:20,0.253,0.610,LOOKING FORWARD,NO PHONE,YAWNING
15-07-2026,21:41:20,0.252,0.634,LOOKING FORWARD,NO PHONE,YAWNING
15-07-2026,21:41:20,0.262,0.634,LOOKING FORWARD,NO PHONE,YAWNING
15-07-2026,21:41:20,0.248,0.634,LOOKING FORWARD,NO PHONE,YAWNING
15-07-2026,21:41:20,0.262,0.633,LOOKING FORWARD,NO PHONE,YAWNING
15-07-2026,21:41:20,0.267,0.610,LOOKING FORWARD,NO PHONE,YAWNING
15-07-2026,21:41:20,0.257,0.610,LOOKING FORWARD,NO PHONE,YAWNING
15-07-2026,21:41:20,0.262,0.634,LOOKING FORWARD,NO PHONE,YAWNING
15-07-2026,21:41:20,0.242,0.610,LOOKING FORWARD,NO PHONE,YAWNING
15-07-2026,21:41:20,0.228,0.548,LOOKING FORWARD,NO PHONE,YAWNING
15-07-2026,21:41:21,0.233,0.571,LOOKING FORWARD,NO PHONE,YAWNING
15-07-2026,21:41:21,0.248,0.500,LOOKING FORWARD,NO PHONE,YAWNING
15-07-2026,21:41:21,0.251,0.391,LOOKING FORWARD,NO PHONE,ALERT
15-07-2026,21:41:21,0.242,0.366,LOOKING FORWARD,NO PHONE,ALERT
15-07-2026,21:41:21,0.238,0.181,LOOKING FORWARD,NO PHONE,ALERT
15-07-2026,21:41:21,0.262,0.077,LOOKING FORWARD,NO PHONE,ALERT
15-07-2026,21:41:21,0.227,0.026,LOOKING FORWARD,NO PHONE,ALERT
15-07-2026,21:41:21,0.232,0.026,LOOKING FORWARD,NO PHONE,ALERT
15-07-2026,21:41:21,0.241,0.000,LOOKING FORWARD,NO PHONE,ALERT
15-07-2026,21:41:21,0.270,0.000,LOOKING FORWARD,NO PHONE,ALERT
15-07-2026,21:41:21,0.264,0.026,LOOKING FORWARD,NO PHONE,ALERT
15-07-2026,21:41:21,0.254,0.025,LOOKING FORWARD,NO PHONE,ALERT
15-07-2026,21:41:22,0.268,0.000,LOOKING FORWARD,NO PHONE,ALERT
15-07-2026,21:41:22,0.253,0.025,LOOKING FORWARD,NO PHONE,ALERT
15-07-2026,21:41:22,0.274,0.026,LOOKING FORWARD,NO PHONE,ALERT
15-07-2026,21:41:22,0.253,0.000,LOOKING FORWARD,NO PHONE,ALERT
15-07-2026,21:41:22,0.264,0.036,LOOKING FORWARD,NO PHONE,ALERT
15-07-2026,21:41:22,0.258,0.025,LOOKING FORWARD,NO PHONE,ALERT
15-07-2026,21:41:22,0.273,0.000,LOOKING FORWARD,NO PHONE,ALERT
15-07-2026,21:41:22,0.267,0.000,LOOKING FORWARD,NO PHONE,ALERT
15-07-2026,21:41:22,0.269,0.000,LOOKING FORWARD,NO PHONE,ALERT
15-07-2026,21:41:22,0.257,0.000,LOOKING FORWARD,NO PHONE,ALERT
15-07-2026,21:41:22,0.272,0.000,LOOKING FORWARD,NO PHONE,ALERT
15-07-2026,21:41:22,0.264,0.000,LOOKING FORWARD,NO PHONE,ALERT
15-07-2026,21:41:22,0.268,0.000,LOOKING FORWARD,NO PHONE,ALERT
15-07-2026,21:41:23,0.263,0.025,LOOKING FORWARD,NO PHONE,ALERT
15-07-2026,21:41:23,0.264,0.000,LOOKING FORWARD,NO PHONE,ALERT
15-07-2026,21:41:23,0.268,0.026,LOOKING FORWARD,NO PHONE,ALERT
15-07-2026,21:41:23,0.270,0.000,LOOKING FORWARD,NO PHONE,ALERT
15-07-2026,21:41:23,0.253,0.025,LOOKING FORWARD,NO PHONE,ALERT
15-07-2026,21:41:23,0.250,0.000,LOOKING FORWARD,NO PHONE,ALERT
15-07-2026,21:41:23,0.288,0.000,LOOKING FORWARD,NO PHONE,ALERT
15-07-2026,21:41:23,0.281,0.000,LOOKING FORWARD,NO PHONE,ALERT
15-07-2026,21:41:23,0.269,0.000,LOOKING FORWARD,NO PHONE,ALERT
15-07-2026,21:41:23,0.239,0.025,LOOKING FORWARD,NO PHONE,ALERT
15-07-2026,21:41:23,0.243,0.000,LOOKING FORWARD,NO PHONE,ALERT
15-07-2026,21:41:23,0.249,0.000,LOOKING FORWARD,NO PHONE,ALERT
15-07-2026,21:41:23,0.268,0.000,LOOKING FORWARD,NO PHONE,ALERT
15-07-2026,21:41:23,0.259,0.026,LOOKING FORWARD,NO PHONE,ALERT
15-07-2026,21:41:24,0.248,0.000,LOOKING FORWARD,NO PHONE,ALERT
15-07-2026,21:41:24,0.255,0.026,LOOKING FORWARD,PHONE CALL (RIGHT),DISTRACTED
15-07-2026,21:41:24,0.269,0.000,LOOKING FORWARD,NO PHONE,ALERT
15-07-2026,21:41:24,0.256,0.000,LOOKING FORWARD,NO PHONE,ALERT
15-07-2026,21:41:24,0.260,0.025,LOOKING FORWARD,NO PHONE,ALERT
15-07-2026,21:41:24,0.251,0.000,LOOKING FORWARD,NO PHONE,ALERT
15-07-2026,21:41:24,0.260,0.000,LOOKING FORWARD,NO PHONE,ALERT
15-07-2026,21:41:24,0.248,0.026,LOOKING FORWARD,NO PHONE,ALERT
15-07-2026,21:41:24,0.241,0.000,LOOKING LEFT,NO PHONE,DISTRACTED
15-07-2026,21:41:24,0.259,0.026,LOOKING FORWARD,NO PHONE,ALERT
15-07-2026,21:41:24,0.240,0.000,LOOKING LEFT,NO PHONE,DISTRACTED
15-07-2026,21:41:24,0.218,0.026,LOOKING LEFT,NO PHONE,DISTRACTED
15-07-2026,21:41:25,0.217,0.000,LOOKING LEFT,NO PHONE,DISTRACTED
15-07-2026,21:41:25,0.228,0.000,LOOKING LEFT,NO PHONE,DISTRACTED
15-07-2026,21:41:25,0.226,0.000,LOOKING LEFT,NO PHONE,DISTRACTED
15-07-2026,21:41:25,0.266,0.026,LOOKING LEFT,NO PHONE,DISTRACTED
15-07-2026,21:41:25,0.261,0.000,LOOKING LEFT,NO PHONE,DISTRACTED
15-07-2026,21:41:25,0.240,0.000,LOOKING LEFT,NO PHONE,DISTRACTED
15-07-2026,21:41:25,0.264,0.000,LOOKING LEFT,NO PHONE,DISTRACTED
15-07-2026,21:41:25,0.242,0.000,LOOKING LEFT,NO PHONE,DISTRACTED
15-07-2026,21:41:25,0.248,0.000,LOOKING LEFT,NO PHONE,DISTRACTED
15-07-2026,21:41:25,0.255,0.000,LOOKING LEFT,NO PHONE,DISTRACTED
15-07-2026,21:41:25,0.251,0.000,LOOKING LEFT,NO PHONE,DISTRACTED
15-07-2026,21:41:25,0.258,0.000,LOOKING LEFT,PHONE CALL (RIGHT),DISTRACTED
15-07-2026,21:41:26,0.255,0.000,LOOKING LEFT,NO PHONE,DISTRACTED
15-07-2026,21:41:26,0.260,0.000,LOOKING LEFT,NO PHONE,DISTRACTED
15-07-2026,21:41:26,0.240,0.000,LOOKING LEFT,NO PHONE,DISTRACTED
15-07-2026,21:41:26,0.247,0.027,LOOKING LEFT,NO PHONE,DISTRACTED
15-07-2026,21:41:26,0.240,0.027,LOOKING LEFT,NO PHONE,DISTRACTED
15-07-2026,21:41:26,0.263,0.000,LOOKING LEFT,NO PHONE,DISTRACTED
15-07-2026,21:41:26,0.245,0.000,LOOKING LEFT,NO PHONE,DISTRACTED
15-07-2026,21:41:26,0.256,0.000,LOOKING LEFT,NO PHONE,DISTRACTED
15-07-2026,21:41:26,0.245,0.000,LOOKING LEFT,NO PHONE,DISTRACTED
15-07-2026,21:41:26,0.260,0.026,LOOKING LEFT,NO PHONE,DISTRACTED
15-07-2026,21:41:26,0.242,0.000,LOOKING LEFT,NO PHONE,DISTRACTED
15-07-2026,21:41:26,0.256,0.000,LOOKING LEFT,NO PHONE,DISTRACTED
15-07-2026,21:41:26,0.250,0.027,LOOKING LEFT,NO PHONE,DISTRACTED
15-07-2026,21:41:27,0.242,0.000,LOOKING LEFT,NO PHONE,DISTRACTED
15-07-2026,21:41:27,0.232,0.000,LOOKING LEFT,NO PHONE,DISTRACTED
15-07-2026,21:41:27,0.227,0.000,LOOKING LEFT,NO PHONE,DISTRACTED
15-07-2026,21:41:27,0.232,0.000,LOOKING LEFT,NO PHONE,DISTRACTED
15-07-2026,21:41:27,0.252,0.000,LOOKING LEFT,NO PHONE,DISTRACTED
15-07-2026,21:41:27,0.264,0.000,LOOKING LEFT,NO PHONE,DISTRACTED
15-07-2026,21:41:27,0.229,0.028,LOOKING LEFT,NO PHONE,DISTRACTED
15-07-2026,21:41:27,0.249,0.000,LOOKING LEFT,NO PHONE,DISTRACTED
15-07-2026,21:41:27,0.268,0.026,LOOKING LEFT,NO PHONE,DISTRACTED
15-07-2026,21:41:27,0.240,0.000,LOOKING LEFT,NO PHONE,DISTRACTED
15-07-2026,21:41:27,0.218,0.038,LOOKING LEFT,NO PHONE,DISTRACTED
15-07-2026,21:41:27,0.212,0.000,LOOKING LEFT,NO PHONE,DISTRACTED
15-07-2026,21:41:27,0.229,0.000,LOOKING LEFT,NO PHONE,DISTRACTED
15-07-2026,21:41:28,0.250,0.028,LOOKING LEFT,NO PHONE,DISTRACTED
15-07-2026,21:41:28,0.229,0.000,LOOKING LEFT,NO PHONE,DISTRACTED
15-07-2026,21:41:28,0.231,0.000,LOOKING LEFT,NO PHONE,DISTRACTED
15-07-2026,21:41:28,0.247,0.000,LOOKING LEFT,PHONE CALL (LEFT),DISTRACTED
15-07-2026,21:41:28,0.232,0.000,LOOKING LEFT,PHONE CALL (LEFT),DISTRACTED
15-07-2026,21:41:28,0.231,0.000,LOOKING LEFT,NO PHONE,DISTRACTED
15-07-2026,21:41:28,0.222,0.000,LOOKING LEFT,NO PHONE,DISTRACTED
15-07-2026,21:41:28,0.219,0.000,LOOKING LEFT,NO PHONE,DISTRACTED
15-07-2026,21:41:28,0.205,0.027,LOOKING LEFT,NO PHONE,DISTRACTED
15-07-2026,21:41:28,0.214,0.000,LOOKING LEFT,NO PHONE,DISTRACTED
15-07-2026,21:41:28,0.190,0.000,LOOKING LEFT,NO PHONE,DISTRACTED
15-07-2026,21:41:28,0.216,0.000,LOOKING LEFT,NO PHONE,DISTRACTED
15-07-2026,21:41:29,0.208,0.000,LOOKING LEFT,NO PHONE,DISTRACTED
15-07-2026,21:41:29,0.208,0.000,LOOKING LEFT,NO PHONE,DISTRACTED
15-07-2026,21:41:29,0.208,0.000,LOOKING LEFT,NO PHONE,DISTRACTED
15-07-2026,21:41:29,0.230,0.000,LOOKING LEFT,NO PHONE,DISTRACTED
15-07-2026,21:41:29,0.216,0.027,LOOKING LEFT,NO PHONE,DISTRACTED
15-07-2026,21:41:29,0.207,0.000,LOOKING LEFT,NO PHONE,DISTRACTED
15-07-2026,21:41:29,0.204,0.000,LOOKING LEFT,NO PHONE,DISTRACTED
15-07-2026,21:41:29,0.231,0.000,LOOKING LEFT,NO PHONE,DISTRACTED
15-07-2026,21:41:29,0.217,0.000,LOOKING LEFT,NO PHONE,DISTRACTED
15-07-2026,21:41:29,0.230,0.000,LOOKING LEFT,PHONE CALL (RIGHT),DISTRACTED
15-07-2026,21:41:29,0.211,0.028,LOOKING LEFT,NO PHONE,DISTRACTED
15-07-2026,21:41:29,0.215,0.039,LOOKING LEFT,PHONE CALL (RIGHT),DISTRACTED
15-07-2026,21:41:30,0.201,0.027,LOOKING LEFT,PHONE CALL (RIGHT),DISTRACTED
15-07-2026,21:41:30,0.242,0.000,LOOKING LEFT,NO PHONE,DISTRACTED
15-07-2026,21:41:30,0.228,0.000,LOOKING LEFT,NO PHONE,DISTRACTED
15-07-2026,21:41:30,0.247,0.000,LOOKING LEFT,NO PHONE,DISTRACTED
15-07-2026,21:41:30,0.259,0.028,LOOKING LEFT,NO PHONE,DISTRACTED
15-07-2026,21:41:30,0.229,0.000,LOOKING LEFT,NO PHONE,DISTRACTED
15-07-2026,21:41:30,0.254,0.000,LOOKING LEFT,NO PHONE,DISTRACTED
15-07-2026,21:41:30,0.278,0.000,LOOKING LEFT,NO PHONE,DISTRACTED
15-07-2026,21:41:30,0.279,0.026,LOOKING LEFT,NO PHONE,DISTRACTED
15-07-2026,21:41:30,0.268,0.000,LOOKING LEFT,NO PHONE,DISTRACTED
15-07-2026,21:41:30,0.173,0.000,LOOKING LEFT,NO PHONE,DISTRACTED
15-07-2026,21:41:30,0.208,0.026,LOOKING LEFT,NO PHONE,DISTRACTED
15-07-2026,21:41:31,0.214,0.000,LOOKING LEFT,NO PHONE,DISTRACTED
15-07-2026,21:41:31,0.236,0.000,LOOKING LEFT,NO PHONE,DISTRACTED
15-07-2026,21:41:31,0.185,0.026,LOOKING LEFT,NO PHONE,DISTRACTED
15-07-2026,21:41:31,0.224,0.000,LOOKING LEFT,NO PHONE,DISTRACTED
15-07-2026,21:41:31,0.225,0.026,LOOKING LEFT,NO PHONE,DISTRACTED
15-07-2026,21:41:31,0.248,0.000,LOOKING LEFT,NO PHONE,DISTRACTED
15-07-2026,21:41:31,0.243,0.026,LOOKING FORWARD,NO PHONE,ALERT
15-07-2026,21:41:31,0.254,0.000,LOOKING LEFT,NO PHONE,DISTRACTED
15-07-2026,21:41:31,0.255,0.000,LOOKING FORWARD,NO PHONE,ALERT
15-07-2026,21:41:31,0.264,0.000,LOOKING LEFT,NO PHONE,DISTRACTED
15-07-2026,21:41:31,0.273,0.026,LOOKING FORWARD,NO PHONE,ALERT
15-07-2026,21:41:31,0.266,0.026,LOOKING FORWARD,NO PHONE,ALERT
15-07-2026,21:41:32,0.263,0.026,LOOKING FORWARD,NO PHONE,ALERT
15-07-2026,21:41:32,0.264,0.027,LOOKING FORWARD,NO PHONE,ALERT
15-07-2026,21:41:32,0.255,0.037,LOOKING FORWARD,NO PHONE,ALERT
15-07-2026,21:41:32,0.258,0.027,LOOKING FORWARD,NO PHONE,ALERT
15-07-2026,21:41:32,0.268,0.000,LOOKING FORWARD,NO PHONE,ALERT
15-07-2026,21:41:32,0.268,0.000,LOOKING FORWARD,NO PHONE,ALERT
15-07-2026,21:41:32,0.258,0.000,LOOKING FORWARD,NO PHONE,ALERT
15-07-2026,21:41:32,0.263,0.026,LOOKING FORWARD,NO PHONE,ALERT
15-07-2026,21:41:32,0.253,0.026,LOOKING FORWARD,NO PHONE,ALERT
15-07-2026,21:41:32,0.243,0.000,LOOKING FORWARD,NO PHONE,ALERT
15-07-2026,21:41:32,0.240,0.025,LOOKING FORWARD,NO PHONE,ALERT
15-07-2026,21:41:32,0.234,0.000,LOOKING FORWARD,NO PHONE,ALERT
15-07-2026,21:41:32,0.253,0.024,LOOKING FORWARD,NO PHONE,ALERT
15-07-2026,21:41:33,0.255,0.036,LOOKING FORWARD,NO PHONE,ALERT
15-07-2026,21:41:33,0.239,0.025,LOOKING FORWARD,NO PHONE,ALERT
15-07-2026,21:41:33,0.222,0.025,LOOKING FORWARD,NO PHONE,ALERT
15-07-2026,21:41:33,0.236,0.025,LOOKING FORWARD,PHONE CALL (LEFT),DISTRACTED
15-07-2026,21:41:33,0.231,0.034,LOOKING FORWARD,NO PHONE,ALERT
15-07-2026,21:41:33,0.223,0.000,LOOKING FORWARD,NO PHONE,ALERT
15-07-2026,21:41:33,0.258,0.025,LOOKING FORWARD,NO PHONE,ALERT
15-07-2026,21:41:33,0.227,0.025,LOOKING FORWARD,NO PHONE,ALERT
15-07-2026,21:41:33,0.230,0.000,LOOKING FORWARD,NO PHONE,ALERT
15-07-2026,21:41:33,0.234,0.000,LOOKING FORWARD,NO PHONE,ALERT
15-07-2026,21:41:33,0.250,0.024,LOOKING RIGHT,NO PHONE,DISTRACTED
15-07-2026,21:41:33,0.241,0.000,LOOKING RIGHT,NO PHONE,DISTRACTED
15-07-2026,21:41:34,0.261,0.000,LOOKING RIGHT,NO PHONE,DISTRACTED
15-07-2026,21:41:34,0.249,0.000,LOOKING RIGHT,NO PHONE,DISTRACTED
15-07-2026,21:41:34,0.251,0.000,LOOKING FORWARD,NO PHONE,ALERT
15-07-2026,21:41:34,0.275,0.000,LOOKING FORWARD,NO PHONE,ALERT
15-07-2026,21:41:34,0.264,0.024,LOOKING FORWARD,NO PHONE,ALERT
15-07-2026,21:41:34,0.253,0.000,LOOKING FORWARD,NO PHONE,ALERT
15-07-2026,21:41:34,0.267,0.000,LOOKING FORWARD,NO PHONE,ALERT
15-07-2026,21:41:34,0.261,0.000,LOOKING FORWARD,NO PHONE,ALERT
15-07-2026,21:41:34,0.256,0.000,LOOKING FORWARD,NO PHONE,ALERT
15-07-2026,21:41:34,0.247,0.000,LOOKING FORWARD,NO PHONE,ALERT
15-07-2026,21:41:34,0.243,0.000,LOOKING FORWARD,NO PHONE,ALERT
15-07-2026,21:41:34,0.265,0.024,LOOKING RIGHT,PHONE CALL (LEFT),DISTRACTED
15-07-2026,21:41:35,0.242,0.000,LOOKING RIGHT,PHONE CALL (LEFT),DISTRACTED
15-07-2026,21:41:35,0.244,0.024,LOOKING RIGHT,NO PHONE,DISTRACTED
15-07-2026,21:41:35,0.245,0.000,LOOKING RIGHT,NO PHONE,DISTRACTED
15-07-2026,21:41:35,0.231,0.000,LOOKING RIGHT,NO PHONE,DISTRACTED
15-07-2026,21:41:35,0.220,0.024,LOOKING RIGHT,NO PHONE,DISTRACTED
15-07-2026,21:41:35,0.227,0.024,LOOKING RIGHT,NO PHONE,DISTRACTED
15-07-2026,21:41:35,0.228,0.000,LOOKING RIGHT,NO PHONE,DISTRACTED
15-07-2026,21:41:35,0.252,0.000,LOOKING RIGHT,NO PHONE,DISTRACTED
15-07-2026,21:41:35,0.240,0.000,LOOKING RIGHT,NO PHONE,DISTRACTED
15-07-2026,21:41:35,0.253,0.000,LOOKING RIGHT,NO PHONE,DISTRACTED
15-07-2026,21:41:35,0.250,0.000,LOOKING RIGHT,NO PHONE,DISTRACTED
15-07-2026,21:41:35,0.253,0.000,LOOKING RIGHT,NO PHONE,DISTRACTED
15-07-2026,21:41:35,0.256,0.000,LOOKING RIGHT,NO PHONE,DISTRACTED
15-07-2026,21:41:36,0.255,0.000,LOOKING RIGHT,NO PHONE,DISTRACTED
15-07-2026,21:41:36,0.253,0.000,LOOKING RIGHT,NO PHONE,DISTRACTED
15-07-2026,21:41:36,0.251,0.000,LOOKING RIGHT,NO PHONE,DISTRACTED
15-07-2026,21:41:36,0.264,0.000,LOOKING RIGHT,NO PHONE,DISTRACTED
15-07-2026,21:41:36,0.262,0.000,LOOKING RIGHT,NO PHONE,DISTRACTED
15-07-2026,21:41:36,0.254,0.026,LOOKING RIGHT,NO PHONE,DISTRACTED
15-07-2026,21:41:36,0.260,0.000,LOOKING RIGHT,NO PHONE,DISTRACTED
15-07-2026,21:41:36,0.270,0.026,LOOKING RIGHT,NO PHONE,DISTRACTED
15-07-2026,21:41:36,0.251,0.025,LOOKING RIGHT,NO PHONE,DISTRACTED
15-07-2026,21:41:36,0.250,0.000,LOOKING RIGHT,NO PHONE,DISTRACTED
15-07-2026,21:41:36,0.250,0.000,LOOKING RIGHT,NO PHONE,DISTRACTED
15-07-2026,21:41:36,0.241,0.000,LOOKING RIGHT,NO PHONE,DISTRACTED
15-07-2026,21:41:37,0.240,0.000,LOOKING RIGHT,NO PHONE,DISTRACTED
15-07-2026,21:41:37,0.242,0.000,LOOKING RIGHT,PHONE CALL (LEFT),DISTRACTED
15-07-2026,21:41:37,0.232,0.000,LOOKING RIGHT,PHONE CALL (LEFT),DISTRACTED
15-07-2026,21:41:37,0.230,0.000,LOOKING RIGHT,PHONE CALL (LEFT),DISTRACTED
15-07-2026,21:41:37,0.240,0.000,LOOKING RIGHT,NO PHONE,DISTRACTED
15-07-2026,21:41:37,0.249,0.000,LOOKING RIGHT,PHONE CALL (LEFT),DISTRACTED
15-07-2026,21:41:37,0.240,0.000,LOOKING RIGHT,NO PHONE,DISTRACTED
15-07-2026,21:41:37,0.237,0.000,LOOKING RIGHT,NO PHONE,DISTRACTED
15-07-2026,21:41:37,0.247,0.000,LOOKING RIGHT,PHONE CALL (LEFT),DISTRACTED
15-07-2026,21:41:38,0.259,0.000,LOOKING RIGHT,NO PHONE,DISTRACTED
15-07-2026,21:41:38,0.240,0.000,LOOKING RIGHT,PHONE CALL (LEFT),DISTRACTED
15-07-2026,21:41:38,0.251,0.000,LOOKING RIGHT,NO PHONE,DISTRACTED
15-07-2026,21:41:38,0.251,0.000,LOOKING RIGHT,NO PHONE,DISTRACTED
15-07-2026,21:41:38,0.244,0.000,LOOKING RIGHT,NO PHONE,DISTRACTED
15-07-2026,21:41:38,0.240,0.000,LOOKING RIGHT,NO PHONE,DISTRACTED
15-07-2026,21:41:38,0.232,0.000,LOOKING RIGHT,NO PHONE,DISTRACTED
15-07-2026,21:41:38,0.232,0.000,LOOKING RIGHT,NO PHONE,DISTRACTED
15-07-2026,21:41:38,0.251,0.000,LOOKING RIGHT,NO PHONE,DISTRACTED
15-07-2026,21:41:38,0.243,0.025,LOOKING RIGHT,PHONE CALL (LEFT),DISTRACTED
15-07-2026,21:41:38,0.237,0.000,LOOKING RIGHT,NO PHONE,DISTRACTED
15-07-2026,21:41:38,0.247,0.025,LOOKING RIGHT,NO PHONE,DISTRACTED
15-07-2026,21:41:39,0.240,0.000,LOOKING RIGHT,NO PHONE,DISTRACTED
15-07-2026,21:41:39,0.248,0.000,LOOKING RIGHT,NO PHONE,DISTRACTED
15-07-2026,21:41:39,0.234,0.000,LOOKING RIGHT,NO PHONE,DISTRACTED
15-07-2026,21:41:39,0.237,0.000,LOOKING RIGHT,NO PHONE,DISTRACTED
15-07-2026,21:41:39,0.251,0.000,LOOKING RIGHT,NO PHONE,DISTRACTED
15-07-2026,21:41:39,0.238,0.000,LOOKING RIGHT,NO PHONE,DISTRACTED
15-07-2026,21:41:39,0.232,0.000,LOOKING RIGHT,NO PHONE,DISTRACTED
15-07-2026,21:41:39,0.249,0.000,LOOKING RIGHT,PHONE CALL (LEFT),DISTRACTED
15-07-2026,21:41:39,0.240,0.000,LOOKING RIGHT,NO PHONE,DISTRACTED
15-07-2026,21:41:39,0.246,0.000,LOOKING RIGHT,NO PHONE,DISTRACTED
15-07-2026,21:41:39,0.236,0.000,LOOKING RIGHT,NO PHONE,DISTRACTED
15-07-2026,21:41:39,0.266,0.000,LOOKING RIGHT,PHONE CALL (LEFT),DISTRACTED
15-07-2026,21:41:40,0.244,0.000,LOOKING RIGHT,PHONE CALL (LEFT),DISTRACTED
15-07-2026,21:41:40,0.245,0.024,LOOKING RIGHT,PHONE CALL (LEFT),DISTRACTED
15-07-2026,21:41:40,0.244,0.026,LOOKING RIGHT,NO PHONE,DISTRACTED
15-07-2026,21:41:40,0.261,0.000,LOOKING RIGHT,NO PHONE,DISTRACTED
15-07-2026,21:41:40,0.243,0.000,LOOKING RIGHT,NO PHONE,DISTRACTED
15-07-2026,21:41:40,0.236,0.000,LOOKING RIGHT,NO PHONE,DISTRACTED
15-07-2026,21:41:40,0.235,0.025,LOOKING RIGHT,NO PHONE,DISTRACTED
15-07-2026,21:41:40,0.250,0.000,LOOKING RIGHT,NO PHONE,DISTRACTED
15-07-2026,21:41:40,0.244,0.000,LOOKING RIGHT,NO PHONE,DISTRACTED
15-07-2026,21:41:40,0.238,0.034,LOOKING FORWARD,TEXTING,ALERT
15-07-2026,21:41:41,0.253,0.024,LOOKING FORWARD,NO PHONE,ALERT
15-07-2026,21:41:41,0.266,0.024,LOOKING FORWARD,NO PHONE,ALERT
15-07-2026,21:41:41,0.280,0.024,LOOKING FORWARD,NO PHONE,ALERT
15-07-2026,21:41:41,0.267,0.025,LOOKING FORWARD,NO PHONE,ALERT
15-07-2026,21:41:41,0.263,0.000,LOOKING FORWARD,PHONE CALL (LEFT),DISTRACTED
15-07-2026,21:41:41,0.276,0.000,LOOKING FORWARD,PHONE CALL (LEFT),DISTRACTED
15-07-2026,21:41:41,0.285,0.000,LOOKING FORWARD,PHONE CALL (LEFT),DISTRACTED
15-07-2026,21:41:41,0.270,0.000,LOOKING FORWARD,PHONE CALL (LEFT),DISTRACTED
15-07-2026,21:41:41,0.253,0.024,LOOKING FORWARD,PHONE CALL (LEFT),DISTRACTED
15-07-2026,21:41:41,0.278,0.000,LOOKING FORWARD,PHONE CALL (LEFT),DISTRACTED
15-07-2026,21:41:41,0.274,0.025,LOOKING FORWARD,PHONE CALL (LEFT),DISTRACTED
15-07-2026,21:41:42,0.278,0.000,LOOKING FORWARD,PHONE CALL (LEFT),DISTRACTED
15-07-2026,21:41:42,0.262,0.000,LOOKING FORWARD,PHONE CALL (LEFT),DISTRACTED
15-07-2026,21:41:42,0.278,0.000,LOOKING FORWARD,PHONE CALL (LEFT),DISTRACTED
15-07-2026,21:41:42,0.270,0.000,LOOKING FORWARD,NO PHONE,ALERT
15-07-2026,21:41:42,0.260,0.024,LOOKING FORWARD,NO PHONE,ALERT
15-07-2026,21:41:42,0.260,0.024,LOOKING FORWARD,NO PHONE,ALERT
15-07-2026,21:41:42,0.266,0.024,LOOKING FORWARD,PHONE CALL (LEFT),DISTRACTED
15-07-2026,21:41:42,0.260,0.024,LOOKING FORWARD,PHONE CALL (LEFT),DISTRACTED
15-07-2026,21:41:42,0.255,0.024,LOOKING FORWARD,PHONE CALL (LEFT),DISTRACTED
15-07-2026,21:41:43,0.248,0.024,LOOKING FORWARD,PHONE CALL (LEFT),DISTRACTED
15-07-2026,21:41:43,0.255,0.000,LOOKING FORWARD,PHONE CALL (LEFT),DISTRACTED
15-07-2026,21:41:43,0.262,0.024,LOOKING FORWARD,PHONE CALL (LEFT),DISTRACTED
15-07-2026,21:41:43,0.243,0.024,LOOKING FORWARD,PHONE CALL (LEFT),DISTRACTED
15-07-2026,21:41:43,0.285,0.024,LOOKING FORWARD,PHONE CALL (LEFT),DISTRACTED
15-07-2026,21:41:43,0.278,0.000,LOOKING FORWARD,PHONE CALL (LEFT),DISTRACTED
15-07-2026,21:41:43,0.272,0.025,LOOKING FORWARD,PHONE CALL (LEFT),DISTRACTED
15-07-2026,21:41:43,0.285,0.000,LOOKING FORWARD,NO PHONE,ALERT
15-07-2026,21:41:43,0.273,0.000,LOOKING FORWARD,PHONE CALL (LEFT),DISTRACTED
15-07-2026,21:41:44,0.265,0.000,LOOKING FORWARD,PHONE CALL (LEFT),DISTRACTED
15-07-2026,21:41:44,0.255,0.000,LOOKING FORWARD,PHONE CALL (LEFT),DISTRACTED
15-07-2026,21:41:44,0.263,0.024,LOOKING FORWARD,PHONE CALL (LEFT),DISTRACTED
15-07-2026,21:41:44,0.255,0.024,LOOKING FORWARD,PHONE CALL (LEFT),DISTRACTED
15-07-2026,21:41:44,0.258,0.024,LOOKING FORWARD,PHONE CALL (LEFT),DISTRACTED
15-07-2026,21:41:44,0.256,0.034,LOOKING FORWARD,PHONE CALL (LEFT),DISTRACTED
15-07-2026,21:41:44,0.262,0.025,LOOKING FORWARD,PHONE CALL (LEFT),DISTRACTED
15-07-2026,21:41:44,0.275,0.025,LOOKING FORWARD,NO PHONE,ALERT
15-07-2026,21:41:44,0.275,0.024,LOOKING FORWARD,NO PHONE,ALERT
15-07-2026,21:41:44,0.272,0.025,LOOKING FORWARD,PHONE CALL (LEFT),DISTRACTED
15-07-2026,21:41:45,0.270,0.000,LOOKING FORWARD,PHONE CALL (LEFT),DISTRACTED
15-07-2026,21:41:45,0.273,0.000,LOOKING FORWARD,PHONE CALL (LEFT),DISTRACTED
15-07-2026,21:41:45,0.285,0.024,LOOKING FORWARD,PHONE CALL (LEFT),DISTRACTED
15-07-2026,21:41:45,0.301,0.034,LOOKING FORWARD,PHONE CALL (LEFT),DISTRACTED
15-07-2026,21:41:45,0.279,0.000,LOOKING FORWARD,PHONE CALL (LEFT),DISTRACTED
15-07-2026,21:41:45,0.282,0.025,LOOKING FORWARD,NO PHONE,ALERT
15-07-2026,21:41:45,0.265,0.024,LOOKING FORWARD,NO PHONE,ALERT
15-07-2026,21:41:45,0.275,0.000,LOOKING FORWARD,NO PHONE,ALERT
15-07-2026,21:41:45,0.269,0.000,LOOKING FORWARD,NO PHONE,ALERT
15-07-2026,21:41:45,0.271,0.025,LOOKING FORWARD,NO PHONE,ALERT
15-07-2026,21:41:46,0.283,0.000,LOOKING FORWARD,NO PHONE,ALERT
15-07-2026,21:41:46,0.272,0.000,LOOKING FORWARD,NO PHONE,ALERT
15-07-2026,21:41:46,0.283,0.000,LOOKING FORWARD,NO PHONE,ALERT
15-07-2026,21:41:46,0.258,0.000,LOOKING FORWARD,NO PHONE,ALERT
15-07-2026,21:41:46,0.273,0.000,LOOKING FORWARD,NO PHONE,ALERT
15-07-2026,21:41:46,0.278,0.000,LOOKING FORWARD,NO PHONE,ALERT
15-07-2026,21:41:46,0.261,0.000,LOOKING FORWARD,NO PHONE,ALERT
15-07-2026,21:41:46,0.285,0.000,LOOKING FORWARD,NO PHONE,ALERT
15-07-2026,21:41:46,0.293,0.026,LOOKING FORWARD,NO PHONE,ALERT
15-07-2026,21:41:46,0.280,0.000,LOOKING FORWARD,NO PHONE,ALERT
15-07-2026,21:41:46,0.268,0.000,LOOKING FORWARD,NO PHONE,ALERT
15-07-2026,21:41:46,0.255,0.025,LOOKING FORWARD,NO PHONE,ALERT
15-07-2026,21:41:46,0.273,0.000,LOOKING FORWARD,NO PHONE,ALERT
15-07-2026,21:41:46,0.288,0.025,LOOKING FORWARD,NO PHONE,ALERT
15-07-2026,21:41:47,0.282,0.000,LOOKING FORWARD,NO PHONE,ALERT
15-07-2026,21:41:47,0.275,0.000,LOOKING FORWARD,NO PHONE,ALERT
15-07-2026,21:41:47,0.267,0.000,LOOKING FORWARD,NO PHONE,ALERT
15-07-2026,21:41:47,0.272,0.024,LOOKING FORWARD,NO PHONE,ALERT
15-07-2026,21:41:47,0.253,0.000,LOOKING FORWARD,NO PHONE,ALERT
15-07-2026,21:41:47,0.283,0.000,LOOKING FORWARD,NO PHONE,ALERT
15-07-2026,21:41:47,0.275,0.000,LOOKING FORWARD,NO PHONE,ALERT
15-07-2026,21:41:47,0.272,0.000,LOOKING FORWARD,NO PHONE,ALERT
15-07-2026,21:41:47,0.245,0.025,LOOKING FORWARD,NO PHONE,ALERT
15-07-2026,21:41:47,0.264,0.000,LOOKING FORWARD,NO PHONE,ALERT
15-07-2026,21:41:47,0.263,0.000,LOOKING FORWARD,NO PHONE,ALERT
15-07-2026,21:41:47,0.274,0.000,LOOKING FORWARD,NO PHONE,ALERT
15-07-2026,21:41:47,0.260,0.000,LOOKING FORWARD,NO PHONE,ALERT
15-07-2026,21:41:47,0.270,0.000,LOOKING FORWARD,NO PHONE,ALERT
15-07-2026,21:41:48,0.278,0.000,LOOKING FORWARD,NO PHONE,ALERT
15-07-2026,21:41:48,0.256,0.035,LOOKING FORWARD,NO PHONE,ALERT
15-07-2026,21:41:48,0.261,0.035,LOOKING FORWARD,NO PHONE,ALERT
15-07-2026,21:41:48,0.259,0.000,LOOKING FORWARD,NO PHONE,ALERT
15-07-2026,21:41:48,0.277,0.025,LOOKING FORWARD,NO PHONE,ALERT
15-07-2026,21:41:48,0.263,0.000,LOOKING FORWARD,NO PHONE,ALERT
15-07-2026,21:41:48,0.244,0.000,LOOKING FORWARD,NO PHONE,ALERT
15-07-2026,21:41:48,0.256,0.000,LOOKING FORWARD,NO PHONE,ALERT
15-07-2026,21:41:48,0.266,0.024,LOOKING FORWARD,NO PHONE,ALERT
15-07-2026,21:41:48,0.263,0.000,LOOKING FORWARD,NO PHONE,ALERT
15-07-2026,21:41:48,0.243,0.000,LOOKING FORWARD,NO PHONE,ALERT
15-07-2026,21:41:48,0.245,0.000,LOOKING FORWARD,NO PHONE,ALERT
15-07-2026,21:41:48,0.272,0.024,LOOKING FORWARD,NO PHONE,ALERT
15-07-2026,21:41:49,0.273,0.000,LOOKING FORWARD,NO PHONE,ALERT
15-07-2026,21:41:49,0.265,0.000,LOOKING FORWARD,NO PHONE,ALERT
15-07-2026,21:41:49,0.265,0.000,LOOKING FORWARD,NO PHONE,ALERT
15-07-2026,21:41:49,0.265,0.000,LOOKING FORWARD,NO PHONE,ALERT
15-07-2026,21:41:49,0.272,0.000,LOOKING FORWARD,NO PHONE,ALERT
15-07-2026,21:41:49,0.275,0.000,LOOKING FORWARD,NO PHONE,ALERT
15-07-2026,21:41:49,0.275,0.000,LOOKING FORWARD,NO PHONE,ALERT
15-07-2026,21:41:49,0.274,0.000,LOOKING FORWARD,NO PHONE,ALERT
15-07-2026,21:41:49,0.263,0.000,LOOKING FORWARD,NO PHONE,ALERT
15-07-2026,21:41:49,0.274,0.000,LOOKING FORWARD,NO PHONE,ALERT
15-07-2026,21:41:49,0.265,0.024,LOOKING FORWARD,NO PHONE,ALERT
15-07-2026,21:41:49,0.263,0.024,LOOKING FORWARD,NO PHONE,ALERT
15-07-2026,21:41:49,0.263,0.024,LOOKING FORWARD,NO PHONE,ALERT
15-07-2026,21:41:49,0.272,0.000,LOOKING FORWARD,NO PHONE,ALERT
15-07-2026,21:41:49,0.270,0.000,LOOKING FORWARD,NO PHONE,ALERT
15-07-2026,21:41:50,0.300,0.000,LOOKING FORWARD,NO PHONE,ALERT
15-07-2026,21:41:50,0.272,0.000,LOOKING FORWARD,NO PHONE,ALERT
15-07-2026,21:41:50,0.283,0.000,LOOKING FORWARD,NO PHONE,ALERT
15-07-2026,21:41:50,0.274,0.000,LOOKING FORWARD,NO PHONE,ALERT
15-07-2026,21:41:50,0.263,0.000,LOOKING FORWARD,NO PHONE,ALERT
15-07-2026,21:41:50,0.264,0.000,LOOKING FORWARD,NO PHONE,ALERT
15-07-2026,21:41:50,0.274,0.000,LOOKING FORWARD,NO PHONE,ALERT
15-07-2026,21:41:50,0.272,0.000,LOOKING FORWARD,NO PHONE,ALERT
15-07-2026,21:41:50,0.282,0.000,LOOKING FORWARD,NO PHONE,ALERT
15-07-2026,21:41:50,0.274,0.000,LOOKING FORWARD,NO PHONE,ALERT
15-07-2026,21:41:50,0.287,0.000,LOOKING FORWARD,NO PHONE,ALERT
15-07-2026,21:41:50,0.287,0.000,LOOKING FORWARD,NO PHONE,ALERT
15-07-2026,21:41:50,0.272,0.024,LOOKING FORWARD,NO PHONE,ALERT
15-07-2026,21:41:50,0.272,0.000,LOOKING FORWARD,NO PHONE,ALERT
15-07-2026,21:41:51,0.267,0.000,LOOKING FORWARD,NO PHONE,ALERT
15-07-2026,21:41:51,0.247,0.000,LOOKING FORWARD,NO PHONE,ALERT
15-07-2026,21:41:51,0.263,0.000,LOOKING FORWARD,NO PHONE,ALERT
15-07-2026,21:41:51,0.268,0.025,LOOKING FORWARD,NO PHONE,ALERT
15-07-2026,21:41:51,0.265,0.025,LOOKING FORWARD,NO PHONE,ALERT
15-07-2026,21:41:51,0.261,0.000,LOOKING FORWARD,NO PHONE,ALERT
15-07-2026,21:41:51,0.273,0.000,LOOKING FORWARD,NO PHONE,ALERT
15-07-2026,21:41:51,0.282,0.000,LOOKING FORWARD,NO PHONE,ALERT
15-07-2026,21:41:51,0.263,0.000,LOOKING FORWARD,NO PHONE,ALERT
15-07-2026,21:41:51,0.282,0.000,LOOKING FORWARD,NO PHONE,ALERT
15-07-2026,21:41:51,0.253,0.000,LOOKING FORWARD,NO PHONE,ALERT
15-07-2026,21:41:51,0.272,0.000,LOOKING FORWARD,NO PHONE,ALERT
15-07-2026,21:41:51,0.261,0.000,LOOKING FORWARD,NO PHONE,ALERT
15-07-2026,21:41:51,0.272,0.000,LOOKING FORWARD,NO PHONE,ALERT
15-07-2026,21:41:52,0.263,0.000,LOOKING FORWARD,NO PHONE,ALERT
15-07-2026,21:41:52,0.263,0.000,LOOKING FORWARD,NO PHONE,ALERT
15-07-2026,21:41:52,0.250,0.000,LOOKING FORWARD,NO PHONE,ALERT
15-07-2026,21:41:52,0.253,0.000,LOOKING FORWARD,NO PHONE,ALERT
15-07-2026,21:41:52,0.263,0.000,LOOKING FORWARD,NO PHONE,ALERT
15-07-2026,21:41:52,0.268,0.000,LOOKING FORWARD,NO PHONE,ALERT
15-07-2026,21:41:52,0.253,0.000,LOOKING FORWARD,NO PHONE,ALERT
15-07-2026,21:41:52,0.265,0.000,LOOKING FORWARD,NO PHONE,ALERT
15-07-2026,21:41:52,0.265,0.000,LOOKING FORWARD,NO PHONE,ALERT
15-07-2026,21:41:52,0.255,0.000,LOOKING FORWARD,NO PHONE,ALERT
15-07-2026,21:41:52,0.239,0.000,LOOKING FORWARD,NO PHONE,ALERT
15-07-2026,21:41:52,0.228,0.000,LOOKING FORWARD,NO PHONE,ALERT
15-07-2026,21:41:52,0.236,0.000,LOOKING FORWARD,NO PHONE,ALERT
15-07-2026,21:41:52,0.236,0.000,LOOKING FORWARD,NO PHONE,ALERT
15-07-2026,21:41:52,0.236,0.000,LOOKING FORWARD,NO PHONE,ALERT
15-07-2026,21:41:53,0.236,0.000,LOOKING FORWARD,NO PHONE,ALERT
15-07-2026,21:41:53,0.238,0.000,LOOKING FORWARD,NO PHONE,ALERT
15-07-2026,21:41:53,0.265,0.000,LOOKING FORWARD,NO PHONE,ALERT
15-07-2026,21:41:53,0.255,0.000,LOOKING FORWARD,NO PHONE,ALERT
15-07-2026,21:41:53,0.224,0.000,LOOKING FORWARD,NO PHONE,ALERT
